-- phpMyAdmin SQL Dump
-- version 5.2.1
-- https://www.phpmyadmin.net/
--
-- Hôte : 127.0.0.1
-- Généré le : jeu. 04 avr. 2024 à 16:27
-- Version du serveur : 10.4.32-MariaDB
-- Version de PHP : 8.2.12

SET SQL_MODE = "NO_AUTO_VALUE_ON_ZERO";
START TRANSACTION;
SET time_zone = "+00:00";


/*!40101 SET @OLD_CHARACTER_SET_CLIENT=@@CHARACTER_SET_CLIENT */;
/*!40101 SET @OLD_CHARACTER_SET_RESULTS=@@CHARACTER_SET_RESULTS */;
/*!40101 SET @OLD_COLLATION_CONNECTION=@@COLLATION_CONNECTION */;
/*!40101 SET NAMES utf8mb4 */;

--
-- Base de données : `blog_app`
--

-- --------------------------------------------------------

--
-- Structure de la table `doctrine_migration_versions`
--

CREATE TABLE `doctrine_migration_versions` (
  `version` varchar(191) NOT NULL,
  `executed_at` datetime DEFAULT NULL,
  `execution_time` int(11) DEFAULT NULL
) ENGINE=InnoDB DEFAULT CHARSET=utf8 COLLATE=utf8_unicode_ci;

--
-- Déchargement des données de la table `doctrine_migration_versions`
--

INSERT INTO `doctrine_migration_versions` (`version`, `executed_at`, `execution_time`) VALUES
('DoctrineMigrations\\Version20240402125639', '2024-04-02 14:56:45', 7),
('DoctrineMigrations\\Version20240403074712', '2024-04-03 09:47:36', 53),
('DoctrineMigrations\\Version20240403075304', '2024-04-03 09:54:17', 8),
('DoctrineMigrations\\Version20240403080849', '2024-04-03 10:09:41', 55),
('DoctrineMigrations\\Version20240403094708', '2024-04-03 11:47:39', 62),
('DoctrineMigrations\\Version20240403141750', '2024-04-03 16:19:01', 20),
('DoctrineMigrations\\Version20240404113714', '2024-04-04 13:38:35', 31);

-- --------------------------------------------------------

--
-- Structure de la table `messenger_messages`
--

CREATE TABLE `messenger_messages` (
  `id` bigint(20) NOT NULL,
  `body` longtext NOT NULL,
  `headers` longtext NOT NULL,
  `queue_name` varchar(190) NOT NULL,
  `created_at` datetime NOT NULL COMMENT '(DC2Type:datetime_immutable)',
  `available_at` datetime NOT NULL COMMENT '(DC2Type:datetime_immutable)',
  `delivered_at` datetime DEFAULT NULL COMMENT '(DC2Type:datetime_immutable)'
) ENGINE=InnoDB DEFAULT CHARSET=utf8mb4 COLLATE=utf8mb4_unicode_ci;

--
-- Déchargement des données de la table `messenger_messages`
--

INSERT INTO `messenger_messages` (`id`, `body`, `headers`, `queue_name`, `created_at`, `available_at`, `delivered_at`) VALUES
(1, 'O:36:\\\"Symfony\\\\Component\\\\Messenger\\\\Envelope\\\":2:{s:44:\\\"\\0Symfony\\\\Component\\\\Messenger\\\\Envelope\\0stamps\\\";a:1:{s:46:\\\"Symfony\\\\Component\\\\Messenger\\\\Stamp\\\\BusNameStamp\\\";a:1:{i:0;O:46:\\\"Symfony\\\\Component\\\\Messenger\\\\Stamp\\\\BusNameStamp\\\":1:{s:55:\\\"\\0Symfony\\\\Component\\\\Messenger\\\\Stamp\\\\BusNameStamp\\0busName\\\";s:21:\\\"messenger.bus.default\\\";}}}s:45:\\\"\\0Symfony\\\\Component\\\\Messenger\\\\Envelope\\0message\\\";O:51:\\\"Symfony\\\\Component\\\\Mailer\\\\Messenger\\\\SendEmailMessage\\\":2:{s:60:\\\"\\0Symfony\\\\Component\\\\Mailer\\\\Messenger\\\\SendEmailMessage\\0message\\\";O:39:\\\"Symfony\\\\Bridge\\\\Twig\\\\Mime\\\\TemplatedEmail\\\":5:{i:0;s:41:\\\"registration/confirmation_email.html.twig\\\";i:1;N;i:2;a:3:{s:9:\\\"signedUrl\\\";s:167:\\\"http://127.0.0.1:8000/verify/email?expires=1711728253&signature=BQRf0lE%2BL6DFgQzWJsExBVztD4m%2BJkB9kyhQpxJNIB8%3D&token=dL2rfepe3wO7SCBXlGeFMzKFfH0lsFxbqat9LtbS4L8%3D\\\";s:19:\\\"expiresAtMessageKey\\\";s:26:\\\"%count% hour|%count% hours\\\";s:20:\\\"expiresAtMessageData\\\";a:1:{s:7:\\\"%count%\\\";i:1;}}i:3;a:6:{i:0;N;i:1;N;i:2;N;i:3;N;i:4;a:0:{}i:5;a:2:{i:0;O:37:\\\"Symfony\\\\Component\\\\Mime\\\\Header\\\\Headers\\\":2:{s:46:\\\"\\0Symfony\\\\Component\\\\Mime\\\\Header\\\\Headers\\0headers\\\";a:3:{s:4:\\\"from\\\";a:1:{i:0;O:47:\\\"Symfony\\\\Component\\\\Mime\\\\Header\\\\MailboxListHeader\\\":5:{s:50:\\\"\\0Symfony\\\\Component\\\\Mime\\\\Header\\\\AbstractHeader\\0name\\\";s:4:\\\"From\\\";s:56:\\\"\\0Symfony\\\\Component\\\\Mime\\\\Header\\\\AbstractHeader\\0lineLength\\\";i:76;s:50:\\\"\\0Symfony\\\\Component\\\\Mime\\\\Header\\\\AbstractHeader\\0lang\\\";N;s:53:\\\"\\0Symfony\\\\Component\\\\Mime\\\\Header\\\\AbstractHeader\\0charset\\\";s:5:\\\"utf-8\\\";s:58:\\\"\\0Symfony\\\\Component\\\\Mime\\\\Header\\\\MailboxListHeader\\0addresses\\\";a:1:{i:0;O:30:\\\"Symfony\\\\Component\\\\Mime\\\\Address\\\":2:{s:39:\\\"\\0Symfony\\\\Component\\\\Mime\\\\Address\\0address\\\";s:23:\\\"surikatstudio@gmail.com\\\";s:36:\\\"\\0Symfony\\\\Component\\\\Mime\\\\Address\\0name\\\";s:14:\\\"Surikat Studio\\\";}}}}s:2:\\\"to\\\";a:1:{i:0;O:47:\\\"Symfony\\\\Component\\\\Mime\\\\Header\\\\MailboxListHeader\\\":5:{s:50:\\\"\\0Symfony\\\\Component\\\\Mime\\\\Header\\\\AbstractHeader\\0name\\\";s:2:\\\"To\\\";s:56:\\\"\\0Symfony\\\\Component\\\\Mime\\\\Header\\\\AbstractHeader\\0lineLength\\\";i:76;s:50:\\\"\\0Symfony\\\\Component\\\\Mime\\\\Header\\\\AbstractHeader\\0lang\\\";N;s:53:\\\"\\0Symfony\\\\Component\\\\Mime\\\\Header\\\\AbstractHeader\\0charset\\\";s:5:\\\"utf-8\\\";s:58:\\\"\\0Symfony\\\\Component\\\\Mime\\\\Header\\\\MailboxListHeader\\0addresses\\\";a:1:{i:0;O:30:\\\"Symfony\\\\Component\\\\Mime\\\\Address\\\":2:{s:39:\\\"\\0Symfony\\\\Component\\\\Mime\\\\Address\\0address\\\";s:14:\\\"adam@adam.adam\\\";s:36:\\\"\\0Symfony\\\\Component\\\\Mime\\\\Address\\0name\\\";s:0:\\\"\\\";}}}}s:7:\\\"subject\\\";a:1:{i:0;O:48:\\\"Symfony\\\\Component\\\\Mime\\\\Header\\\\UnstructuredHeader\\\":5:{s:50:\\\"\\0Symfony\\\\Component\\\\Mime\\\\Header\\\\AbstractHeader\\0name\\\";s:7:\\\"Subject\\\";s:56:\\\"\\0Symfony\\\\Component\\\\Mime\\\\Header\\\\AbstractHeader\\0lineLength\\\";i:76;s:50:\\\"\\0Symfony\\\\Component\\\\Mime\\\\Header\\\\AbstractHeader\\0lang\\\";N;s:53:\\\"\\0Symfony\\\\Component\\\\Mime\\\\Header\\\\AbstractHeader\\0charset\\\";s:5:\\\"utf-8\\\";s:55:\\\"\\0Symfony\\\\Component\\\\Mime\\\\Header\\\\UnstructuredHeader\\0value\\\";s:25:\\\"Please Confirm your Email\\\";}}}s:49:\\\"\\0Symfony\\\\Component\\\\Mime\\\\Header\\\\Headers\\0lineLength\\\";i:76;}i:1;N;}}i:4;N;}s:61:\\\"\\0Symfony\\\\Component\\\\Mailer\\\\Messenger\\\\SendEmailMessage\\0envelope\\\";N;}}', '[]', 'default', '2024-03-29 15:04:13', '2024-03-29 15:04:13', NULL),
(2, 'O:36:\\\"Symfony\\\\Component\\\\Messenger\\\\Envelope\\\":2:{s:44:\\\"\\0Symfony\\\\Component\\\\Messenger\\\\Envelope\\0stamps\\\";a:1:{s:46:\\\"Symfony\\\\Component\\\\Messenger\\\\Stamp\\\\BusNameStamp\\\";a:1:{i:0;O:46:\\\"Symfony\\\\Component\\\\Messenger\\\\Stamp\\\\BusNameStamp\\\":1:{s:55:\\\"\\0Symfony\\\\Component\\\\Messenger\\\\Stamp\\\\BusNameStamp\\0busName\\\";s:21:\\\"messenger.bus.default\\\";}}}s:45:\\\"\\0Symfony\\\\Component\\\\Messenger\\\\Envelope\\0message\\\";O:51:\\\"Symfony\\\\Component\\\\Mailer\\\\Messenger\\\\SendEmailMessage\\\":2:{s:60:\\\"\\0Symfony\\\\Component\\\\Mailer\\\\Messenger\\\\SendEmailMessage\\0message\\\";O:39:\\\"Symfony\\\\Bridge\\\\Twig\\\\Mime\\\\TemplatedEmail\\\":5:{i:0;s:41:\\\"registration/confirmation_email.html.twig\\\";i:1;N;i:2;a:3:{s:9:\\\"signedUrl\\\";s:167:\\\"http://127.0.0.1:8000/verify/email?expires=1712067362&signature=bTyQQTeWSIFKU5G%2Fv8J55GYbeYSawEHrMVbnFkRap4c%3D&token=hEQ3x4HQVTldnMpioN%2BxtkbGtphMmPtqOo0MJWlWTT4%3D\\\";s:19:\\\"expiresAtMessageKey\\\";s:26:\\\"%count% hour|%count% hours\\\";s:20:\\\"expiresAtMessageData\\\";a:1:{s:7:\\\"%count%\\\";i:1;}}i:3;a:6:{i:0;N;i:1;N;i:2;N;i:3;N;i:4;a:0:{}i:5;a:2:{i:0;O:37:\\\"Symfony\\\\Component\\\\Mime\\\\Header\\\\Headers\\\":2:{s:46:\\\"\\0Symfony\\\\Component\\\\Mime\\\\Header\\\\Headers\\0headers\\\";a:3:{s:4:\\\"from\\\";a:1:{i:0;O:47:\\\"Symfony\\\\Component\\\\Mime\\\\Header\\\\MailboxListHeader\\\":5:{s:50:\\\"\\0Symfony\\\\Component\\\\Mime\\\\Header\\\\AbstractHeader\\0name\\\";s:4:\\\"From\\\";s:56:\\\"\\0Symfony\\\\Component\\\\Mime\\\\Header\\\\AbstractHeader\\0lineLength\\\";i:76;s:50:\\\"\\0Symfony\\\\Component\\\\Mime\\\\Header\\\\AbstractHeader\\0lang\\\";N;s:53:\\\"\\0Symfony\\\\Component\\\\Mime\\\\Header\\\\AbstractHeader\\0charset\\\";s:5:\\\"utf-8\\\";s:58:\\\"\\0Symfony\\\\Component\\\\Mime\\\\Header\\\\MailboxListHeader\\0addresses\\\";a:1:{i:0;O:30:\\\"Symfony\\\\Component\\\\Mime\\\\Address\\\":2:{s:39:\\\"\\0Symfony\\\\Component\\\\Mime\\\\Address\\0address\\\";s:23:\\\"surikatstudio@gmail.com\\\";s:36:\\\"\\0Symfony\\\\Component\\\\Mime\\\\Address\\0name\\\";s:14:\\\"Surikat Studio\\\";}}}}s:2:\\\"to\\\";a:1:{i:0;O:47:\\\"Symfony\\\\Component\\\\Mime\\\\Header\\\\MailboxListHeader\\\":5:{s:50:\\\"\\0Symfony\\\\Component\\\\Mime\\\\Header\\\\AbstractHeader\\0name\\\";s:2:\\\"To\\\";s:56:\\\"\\0Symfony\\\\Component\\\\Mime\\\\Header\\\\AbstractHeader\\0lineLength\\\";i:76;s:50:\\\"\\0Symfony\\\\Component\\\\Mime\\\\Header\\\\AbstractHeader\\0lang\\\";N;s:53:\\\"\\0Symfony\\\\Component\\\\Mime\\\\Header\\\\AbstractHeader\\0charset\\\";s:5:\\\"utf-8\\\";s:58:\\\"\\0Symfony\\\\Component\\\\Mime\\\\Header\\\\MailboxListHeader\\0addresses\\\";a:1:{i:0;O:30:\\\"Symfony\\\\Component\\\\Mime\\\\Address\\\":2:{s:39:\\\"\\0Symfony\\\\Component\\\\Mime\\\\Address\\0address\\\";s:6:\\\"a@a.fr\\\";s:36:\\\"\\0Symfony\\\\Component\\\\Mime\\\\Address\\0name\\\";s:0:\\\"\\\";}}}}s:7:\\\"subject\\\";a:1:{i:0;O:48:\\\"Symfony\\\\Component\\\\Mime\\\\Header\\\\UnstructuredHeader\\\":5:{s:50:\\\"\\0Symfony\\\\Component\\\\Mime\\\\Header\\\\AbstractHeader\\0name\\\";s:7:\\\"Subject\\\";s:56:\\\"\\0Symfony\\\\Component\\\\Mime\\\\Header\\\\AbstractHeader\\0lineLength\\\";i:76;s:50:\\\"\\0Symfony\\\\Component\\\\Mime\\\\Header\\\\AbstractHeader\\0lang\\\";N;s:53:\\\"\\0Symfony\\\\Component\\\\Mime\\\\Header\\\\AbstractHeader\\0charset\\\";s:5:\\\"utf-8\\\";s:55:\\\"\\0Symfony\\\\Component\\\\Mime\\\\Header\\\\UnstructuredHeader\\0value\\\";s:25:\\\"Please Confirm your Email\\\";}}}s:49:\\\"\\0Symfony\\\\Component\\\\Mime\\\\Header\\\\Headers\\0lineLength\\\";i:76;}i:1;N;}}i:4;N;}s:61:\\\"\\0Symfony\\\\Component\\\\Mailer\\\\Messenger\\\\SendEmailMessage\\0envelope\\\";N;}}', '[]', 'default', '2024-04-02 13:16:02', '2024-04-02 13:16:02', NULL),
(3, 'O:36:\\\"Symfony\\\\Component\\\\Messenger\\\\Envelope\\\":2:{s:44:\\\"\\0Symfony\\\\Component\\\\Messenger\\\\Envelope\\0stamps\\\";a:1:{s:46:\\\"Symfony\\\\Component\\\\Messenger\\\\Stamp\\\\BusNameStamp\\\";a:1:{i:0;O:46:\\\"Symfony\\\\Component\\\\Messenger\\\\Stamp\\\\BusNameStamp\\\":1:{s:55:\\\"\\0Symfony\\\\Component\\\\Messenger\\\\Stamp\\\\BusNameStamp\\0busName\\\";s:21:\\\"messenger.bus.default\\\";}}}s:45:\\\"\\0Symfony\\\\Component\\\\Messenger\\\\Envelope\\0message\\\";O:51:\\\"Symfony\\\\Component\\\\Mailer\\\\Messenger\\\\SendEmailMessage\\\":2:{s:60:\\\"\\0Symfony\\\\Component\\\\Mailer\\\\Messenger\\\\SendEmailMessage\\0message\\\";O:39:\\\"Symfony\\\\Bridge\\\\Twig\\\\Mime\\\\TemplatedEmail\\\":5:{i:0;s:41:\\\"registration/confirmation_email.html.twig\\\";i:1;N;i:2;a:3:{s:9:\\\"signedUrl\\\";s:167:\\\"http://127.0.0.1:8000/verify/email?expires=1712067541&signature=IxdVTugyHD0WLg75pWcnapX6qf9x1xv%2B%2BYa4yCimyRo%3D&token=tf7pxEanZV1Ldw6sw3Ikx1Hjj2Ak2KMEPBw0vPEYgXU%3D\\\";s:19:\\\"expiresAtMessageKey\\\";s:26:\\\"%count% hour|%count% hours\\\";s:20:\\\"expiresAtMessageData\\\";a:1:{s:7:\\\"%count%\\\";i:1;}}i:3;a:6:{i:0;N;i:1;N;i:2;N;i:3;N;i:4;a:0:{}i:5;a:2:{i:0;O:37:\\\"Symfony\\\\Component\\\\Mime\\\\Header\\\\Headers\\\":2:{s:46:\\\"\\0Symfony\\\\Component\\\\Mime\\\\Header\\\\Headers\\0headers\\\";a:3:{s:4:\\\"from\\\";a:1:{i:0;O:47:\\\"Symfony\\\\Component\\\\Mime\\\\Header\\\\MailboxListHeader\\\":5:{s:50:\\\"\\0Symfony\\\\Component\\\\Mime\\\\Header\\\\AbstractHeader\\0name\\\";s:4:\\\"From\\\";s:56:\\\"\\0Symfony\\\\Component\\\\Mime\\\\Header\\\\AbstractHeader\\0lineLength\\\";i:76;s:50:\\\"\\0Symfony\\\\Component\\\\Mime\\\\Header\\\\AbstractHeader\\0lang\\\";N;s:53:\\\"\\0Symfony\\\\Component\\\\Mime\\\\Header\\\\AbstractHeader\\0charset\\\";s:5:\\\"utf-8\\\";s:58:\\\"\\0Symfony\\\\Component\\\\Mime\\\\Header\\\\MailboxListHeader\\0addresses\\\";a:1:{i:0;O:30:\\\"Symfony\\\\Component\\\\Mime\\\\Address\\\":2:{s:39:\\\"\\0Symfony\\\\Component\\\\Mime\\\\Address\\0address\\\";s:23:\\\"surikatstudio@gmail.com\\\";s:36:\\\"\\0Symfony\\\\Component\\\\Mime\\\\Address\\0name\\\";s:14:\\\"Surikat Studio\\\";}}}}s:2:\\\"to\\\";a:1:{i:0;O:47:\\\"Symfony\\\\Component\\\\Mime\\\\Header\\\\MailboxListHeader\\\":5:{s:50:\\\"\\0Symfony\\\\Component\\\\Mime\\\\Header\\\\AbstractHeader\\0name\\\";s:2:\\\"To\\\";s:56:\\\"\\0Symfony\\\\Component\\\\Mime\\\\Header\\\\AbstractHeader\\0lineLength\\\";i:76;s:50:\\\"\\0Symfony\\\\Component\\\\Mime\\\\Header\\\\AbstractHeader\\0lang\\\";N;s:53:\\\"\\0Symfony\\\\Component\\\\Mime\\\\Header\\\\AbstractHeader\\0charset\\\";s:5:\\\"utf-8\\\";s:58:\\\"\\0Symfony\\\\Component\\\\Mime\\\\Header\\\\MailboxListHeader\\0addresses\\\";a:1:{i:0;O:30:\\\"Symfony\\\\Component\\\\Mime\\\\Address\\\":2:{s:39:\\\"\\0Symfony\\\\Component\\\\Mime\\\\Address\\0address\\\";s:6:\\\"a@a.fr\\\";s:36:\\\"\\0Symfony\\\\Component\\\\Mime\\\\Address\\0name\\\";s:0:\\\"\\\";}}}}s:7:\\\"subject\\\";a:1:{i:0;O:48:\\\"Symfony\\\\Component\\\\Mime\\\\Header\\\\UnstructuredHeader\\\":5:{s:50:\\\"\\0Symfony\\\\Component\\\\Mime\\\\Header\\\\AbstractHeader\\0name\\\";s:7:\\\"Subject\\\";s:56:\\\"\\0Symfony\\\\Component\\\\Mime\\\\Header\\\\AbstractHeader\\0lineLength\\\";i:76;s:50:\\\"\\0Symfony\\\\Component\\\\Mime\\\\Header\\\\AbstractHeader\\0lang\\\";N;s:53:\\\"\\0Symfony\\\\Component\\\\Mime\\\\Header\\\\AbstractHeader\\0charset\\\";s:5:\\\"utf-8\\\";s:55:\\\"\\0Symfony\\\\Component\\\\Mime\\\\Header\\\\UnstructuredHeader\\0value\\\";s:25:\\\"Please Confirm your Email\\\";}}}s:49:\\\"\\0Symfony\\\\Component\\\\Mime\\\\Header\\\\Headers\\0lineLength\\\";i:76;}i:1;N;}}i:4;N;}s:61:\\\"\\0Symfony\\\\Component\\\\Mailer\\\\Messenger\\\\SendEmailMessage\\0envelope\\\";N;}}', '[]', 'default', '2024-04-02 13:19:01', '2024-04-02 13:19:01', NULL),
(4, 'O:36:\\\"Symfony\\\\Component\\\\Messenger\\\\Envelope\\\":2:{s:44:\\\"\\0Symfony\\\\Component\\\\Messenger\\\\Envelope\\0stamps\\\";a:1:{s:46:\\\"Symfony\\\\Component\\\\Messenger\\\\Stamp\\\\BusNameStamp\\\";a:1:{i:0;O:46:\\\"Symfony\\\\Component\\\\Messenger\\\\Stamp\\\\BusNameStamp\\\":1:{s:55:\\\"\\0Symfony\\\\Component\\\\Messenger\\\\Stamp\\\\BusNameStamp\\0busName\\\";s:21:\\\"messenger.bus.default\\\";}}}s:45:\\\"\\0Symfony\\\\Component\\\\Messenger\\\\Envelope\\0message\\\";O:51:\\\"Symfony\\\\Component\\\\Mailer\\\\Messenger\\\\SendEmailMessage\\\":2:{s:60:\\\"\\0Symfony\\\\Component\\\\Mailer\\\\Messenger\\\\SendEmailMessage\\0message\\\";O:39:\\\"Symfony\\\\Bridge\\\\Twig\\\\Mime\\\\TemplatedEmail\\\":5:{i:0;s:41:\\\"registration/confirmation_email.html.twig\\\";i:1;N;i:2;a:3:{s:9:\\\"signedUrl\\\";s:171:\\\"http://127.0.0.1:8000/verify/email?expires=1712140490&signature=WF8wC1fmQRVOd%2F1R0UJSm1StLd16yJW%2F3rtfsJQjlEs%3D&token=VTLnnBlN0utLEtdU6xEDNYyfNJLZ%2BUZDfCKJ5UA%2FEWA%3D\\\";s:19:\\\"expiresAtMessageKey\\\";s:26:\\\"%count% hour|%count% hours\\\";s:20:\\\"expiresAtMessageData\\\";a:1:{s:7:\\\"%count%\\\";i:1;}}i:3;a:6:{i:0;N;i:1;N;i:2;N;i:3;N;i:4;a:0:{}i:5;a:2:{i:0;O:37:\\\"Symfony\\\\Component\\\\Mime\\\\Header\\\\Headers\\\":2:{s:46:\\\"\\0Symfony\\\\Component\\\\Mime\\\\Header\\\\Headers\\0headers\\\";a:3:{s:4:\\\"from\\\";a:1:{i:0;O:47:\\\"Symfony\\\\Component\\\\Mime\\\\Header\\\\MailboxListHeader\\\":5:{s:50:\\\"\\0Symfony\\\\Component\\\\Mime\\\\Header\\\\AbstractHeader\\0name\\\";s:4:\\\"From\\\";s:56:\\\"\\0Symfony\\\\Component\\\\Mime\\\\Header\\\\AbstractHeader\\0lineLength\\\";i:76;s:50:\\\"\\0Symfony\\\\Component\\\\Mime\\\\Header\\\\AbstractHeader\\0lang\\\";N;s:53:\\\"\\0Symfony\\\\Component\\\\Mime\\\\Header\\\\AbstractHeader\\0charset\\\";s:5:\\\"utf-8\\\";s:58:\\\"\\0Symfony\\\\Component\\\\Mime\\\\Header\\\\MailboxListHeader\\0addresses\\\";a:1:{i:0;O:30:\\\"Symfony\\\\Component\\\\Mime\\\\Address\\\":2:{s:39:\\\"\\0Symfony\\\\Component\\\\Mime\\\\Address\\0address\\\";s:23:\\\"surikatstudio@gmail.com\\\";s:36:\\\"\\0Symfony\\\\Component\\\\Mime\\\\Address\\0name\\\";s:14:\\\"Surikat Studio\\\";}}}}s:2:\\\"to\\\";a:1:{i:0;O:47:\\\"Symfony\\\\Component\\\\Mime\\\\Header\\\\MailboxListHeader\\\":5:{s:50:\\\"\\0Symfony\\\\Component\\\\Mime\\\\Header\\\\AbstractHeader\\0name\\\";s:2:\\\"To\\\";s:56:\\\"\\0Symfony\\\\Component\\\\Mime\\\\Header\\\\AbstractHeader\\0lineLength\\\";i:76;s:50:\\\"\\0Symfony\\\\Component\\\\Mime\\\\Header\\\\AbstractHeader\\0lang\\\";N;s:53:\\\"\\0Symfony\\\\Component\\\\Mime\\\\Header\\\\AbstractHeader\\0charset\\\";s:5:\\\"utf-8\\\";s:58:\\\"\\0Symfony\\\\Component\\\\Mime\\\\Header\\\\MailboxListHeader\\0addresses\\\";a:1:{i:0;O:30:\\\"Symfony\\\\Component\\\\Mime\\\\Address\\\":2:{s:39:\\\"\\0Symfony\\\\Component\\\\Mime\\\\Address\\0address\\\";s:17:\\\"boubou@boubou.com\\\";s:36:\\\"\\0Symfony\\\\Component\\\\Mime\\\\Address\\0name\\\";s:0:\\\"\\\";}}}}s:7:\\\"subject\\\";a:1:{i:0;O:48:\\\"Symfony\\\\Component\\\\Mime\\\\Header\\\\UnstructuredHeader\\\":5:{s:50:\\\"\\0Symfony\\\\Component\\\\Mime\\\\Header\\\\AbstractHeader\\0name\\\";s:7:\\\"Subject\\\";s:56:\\\"\\0Symfony\\\\Component\\\\Mime\\\\Header\\\\AbstractHeader\\0lineLength\\\";i:76;s:50:\\\"\\0Symfony\\\\Component\\\\Mime\\\\Header\\\\AbstractHeader\\0lang\\\";N;s:53:\\\"\\0Symfony\\\\Component\\\\Mime\\\\Header\\\\AbstractHeader\\0charset\\\";s:5:\\\"utf-8\\\";s:55:\\\"\\0Symfony\\\\Component\\\\Mime\\\\Header\\\\UnstructuredHeader\\0value\\\";s:25:\\\"Please Confirm your Email\\\";}}}s:49:\\\"\\0Symfony\\\\Component\\\\Mime\\\\Header\\\\Headers\\0lineLength\\\";i:76;}i:1;N;}}i:4;N;}s:61:\\\"\\0Symfony\\\\Component\\\\Mailer\\\\Messenger\\\\SendEmailMessage\\0envelope\\\";N;}}', '[]', 'default', '2024-04-03 09:34:50', '2024-04-03 09:34:50', NULL),
(5, 'O:36:\\\"Symfony\\\\Component\\\\Messenger\\\\Envelope\\\":2:{s:44:\\\"\\0Symfony\\\\Component\\\\Messenger\\\\Envelope\\0stamps\\\";a:1:{s:46:\\\"Symfony\\\\Component\\\\Messenger\\\\Stamp\\\\BusNameStamp\\\";a:1:{i:0;O:46:\\\"Symfony\\\\Component\\\\Messenger\\\\Stamp\\\\BusNameStamp\\\":1:{s:55:\\\"\\0Symfony\\\\Component\\\\Messenger\\\\Stamp\\\\BusNameStamp\\0busName\\\";s:21:\\\"messenger.bus.default\\\";}}}s:45:\\\"\\0Symfony\\\\Component\\\\Messenger\\\\Envelope\\0message\\\";O:51:\\\"Symfony\\\\Component\\\\Mailer\\\\Messenger\\\\SendEmailMessage\\\":2:{s:60:\\\"\\0Symfony\\\\Component\\\\Mailer\\\\Messenger\\\\SendEmailMessage\\0message\\\";O:39:\\\"Symfony\\\\Bridge\\\\Twig\\\\Mime\\\\TemplatedEmail\\\":5:{i:0;s:41:\\\"registration/confirmation_email.html.twig\\\";i:1;N;i:2;a:3:{s:9:\\\"signedUrl\\\";s:167:\\\"http://127.0.0.1:8000/verify/email?expires=1712141876&signature=w%2BbGiIL4vD0y7WUfQhfFyJz8fO3ASX5WTqqsgMdJd%2BY%3D&token=5gW00TuajPQDgyg06K33yYJyc6ghEQoF7MlVEdEVq8A%3D\\\";s:19:\\\"expiresAtMessageKey\\\";s:26:\\\"%count% hour|%count% hours\\\";s:20:\\\"expiresAtMessageData\\\";a:1:{s:7:\\\"%count%\\\";i:1;}}i:3;a:6:{i:0;N;i:1;N;i:2;N;i:3;N;i:4;a:0:{}i:5;a:2:{i:0;O:37:\\\"Symfony\\\\Component\\\\Mime\\\\Header\\\\Headers\\\":2:{s:46:\\\"\\0Symfony\\\\Component\\\\Mime\\\\Header\\\\Headers\\0headers\\\";a:3:{s:4:\\\"from\\\";a:1:{i:0;O:47:\\\"Symfony\\\\Component\\\\Mime\\\\Header\\\\MailboxListHeader\\\":5:{s:50:\\\"\\0Symfony\\\\Component\\\\Mime\\\\Header\\\\AbstractHeader\\0name\\\";s:4:\\\"From\\\";s:56:\\\"\\0Symfony\\\\Component\\\\Mime\\\\Header\\\\AbstractHeader\\0lineLength\\\";i:76;s:50:\\\"\\0Symfony\\\\Component\\\\Mime\\\\Header\\\\AbstractHeader\\0lang\\\";N;s:53:\\\"\\0Symfony\\\\Component\\\\Mime\\\\Header\\\\AbstractHeader\\0charset\\\";s:5:\\\"utf-8\\\";s:58:\\\"\\0Symfony\\\\Component\\\\Mime\\\\Header\\\\MailboxListHeader\\0addresses\\\";a:1:{i:0;O:30:\\\"Symfony\\\\Component\\\\Mime\\\\Address\\\":2:{s:39:\\\"\\0Symfony\\\\Component\\\\Mime\\\\Address\\0address\\\";s:23:\\\"surikatstudio@gmail.com\\\";s:36:\\\"\\0Symfony\\\\Component\\\\Mime\\\\Address\\0name\\\";s:14:\\\"Surikat Studio\\\";}}}}s:2:\\\"to\\\";a:1:{i:0;O:47:\\\"Symfony\\\\Component\\\\Mime\\\\Header\\\\MailboxListHeader\\\":5:{s:50:\\\"\\0Symfony\\\\Component\\\\Mime\\\\Header\\\\AbstractHeader\\0name\\\";s:2:\\\"To\\\";s:56:\\\"\\0Symfony\\\\Component\\\\Mime\\\\Header\\\\AbstractHeader\\0lineLength\\\";i:76;s:50:\\\"\\0Symfony\\\\Component\\\\Mime\\\\Header\\\\AbstractHeader\\0lang\\\";N;s:53:\\\"\\0Symfony\\\\Component\\\\Mime\\\\Header\\\\AbstractHeader\\0charset\\\";s:5:\\\"utf-8\\\";s:58:\\\"\\0Symfony\\\\Component\\\\Mime\\\\Header\\\\MailboxListHeader\\0addresses\\\";a:1:{i:0;O:30:\\\"Symfony\\\\Component\\\\Mime\\\\Address\\\":2:{s:39:\\\"\\0Symfony\\\\Component\\\\Mime\\\\Address\\0address\\\";s:13:\\\"drg@drg.comù\\\";s:36:\\\"\\0Symfony\\\\Component\\\\Mime\\\\Address\\0name\\\";s:0:\\\"\\\";}}}}s:7:\\\"subject\\\";a:1:{i:0;O:48:\\\"Symfony\\\\Component\\\\Mime\\\\Header\\\\UnstructuredHeader\\\":5:{s:50:\\\"\\0Symfony\\\\Component\\\\Mime\\\\Header\\\\AbstractHeader\\0name\\\";s:7:\\\"Subject\\\";s:56:\\\"\\0Symfony\\\\Component\\\\Mime\\\\Header\\\\AbstractHeader\\0lineLength\\\";i:76;s:50:\\\"\\0Symfony\\\\Component\\\\Mime\\\\Header\\\\AbstractHeader\\0lang\\\";N;s:53:\\\"\\0Symfony\\\\Component\\\\Mime\\\\Header\\\\AbstractHeader\\0charset\\\";s:5:\\\"utf-8\\\";s:55:\\\"\\0Symfony\\\\Component\\\\Mime\\\\Header\\\\UnstructuredHeader\\0value\\\";s:25:\\\"Please Confirm your Email\\\";}}}s:49:\\\"\\0Symfony\\\\Component\\\\Mime\\\\Header\\\\Headers\\0lineLength\\\";i:76;}i:1;N;}}i:4;N;}s:61:\\\"\\0Symfony\\\\Component\\\\Mailer\\\\Messenger\\\\SendEmailMessage\\0envelope\\\";N;}}', '[]', 'default', '2024-04-03 09:57:56', '2024-04-03 09:57:56', NULL),
(6, 'O:36:\\\"Symfony\\\\Component\\\\Messenger\\\\Envelope\\\":2:{s:44:\\\"\\0Symfony\\\\Component\\\\Messenger\\\\Envelope\\0stamps\\\";a:1:{s:46:\\\"Symfony\\\\Component\\\\Messenger\\\\Stamp\\\\BusNameStamp\\\";a:1:{i:0;O:46:\\\"Symfony\\\\Component\\\\Messenger\\\\Stamp\\\\BusNameStamp\\\":1:{s:55:\\\"\\0Symfony\\\\Component\\\\Messenger\\\\Stamp\\\\BusNameStamp\\0busName\\\";s:21:\\\"messenger.bus.default\\\";}}}s:45:\\\"\\0Symfony\\\\Component\\\\Messenger\\\\Envelope\\0message\\\";O:51:\\\"Symfony\\\\Component\\\\Mailer\\\\Messenger\\\\SendEmailMessage\\\":2:{s:60:\\\"\\0Symfony\\\\Component\\\\Mailer\\\\Messenger\\\\SendEmailMessage\\0message\\\";O:39:\\\"Symfony\\\\Bridge\\\\Twig\\\\Mime\\\\TemplatedEmail\\\":5:{i:0;s:41:\\\"registration/confirmation_email.html.twig\\\";i:1;N;i:2;a:3:{s:9:\\\"signedUrl\\\";s:169:\\\"http://127.0.0.1:8000/verify/email?expires=1712142808&signature=jmlzC9yD23GLnEq259yWWV8%2FpRz20TJQjtQxhk%2BSsks%3D&token=ZokYY9hY9HxIaR%2Fa5o1iLrHdrY00AuGt8W0PDsNCNus%3D\\\";s:19:\\\"expiresAtMessageKey\\\";s:26:\\\"%count% hour|%count% hours\\\";s:20:\\\"expiresAtMessageData\\\";a:1:{s:7:\\\"%count%\\\";i:1;}}i:3;a:6:{i:0;N;i:1;N;i:2;N;i:3;N;i:4;a:0:{}i:5;a:2:{i:0;O:37:\\\"Symfony\\\\Component\\\\Mime\\\\Header\\\\Headers\\\":2:{s:46:\\\"\\0Symfony\\\\Component\\\\Mime\\\\Header\\\\Headers\\0headers\\\";a:3:{s:4:\\\"from\\\";a:1:{i:0;O:47:\\\"Symfony\\\\Component\\\\Mime\\\\Header\\\\MailboxListHeader\\\":5:{s:50:\\\"\\0Symfony\\\\Component\\\\Mime\\\\Header\\\\AbstractHeader\\0name\\\";s:4:\\\"From\\\";s:56:\\\"\\0Symfony\\\\Component\\\\Mime\\\\Header\\\\AbstractHeader\\0lineLength\\\";i:76;s:50:\\\"\\0Symfony\\\\Component\\\\Mime\\\\Header\\\\AbstractHeader\\0lang\\\";N;s:53:\\\"\\0Symfony\\\\Component\\\\Mime\\\\Header\\\\AbstractHeader\\0charset\\\";s:5:\\\"utf-8\\\";s:58:\\\"\\0Symfony\\\\Component\\\\Mime\\\\Header\\\\MailboxListHeader\\0addresses\\\";a:1:{i:0;O:30:\\\"Symfony\\\\Component\\\\Mime\\\\Address\\\":2:{s:39:\\\"\\0Symfony\\\\Component\\\\Mime\\\\Address\\0address\\\";s:23:\\\"surikatstudio@gmail.com\\\";s:36:\\\"\\0Symfony\\\\Component\\\\Mime\\\\Address\\0name\\\";s:14:\\\"Surikat Studio\\\";}}}}s:2:\\\"to\\\";a:1:{i:0;O:47:\\\"Symfony\\\\Component\\\\Mime\\\\Header\\\\MailboxListHeader\\\":5:{s:50:\\\"\\0Symfony\\\\Component\\\\Mime\\\\Header\\\\AbstractHeader\\0name\\\";s:2:\\\"To\\\";s:56:\\\"\\0Symfony\\\\Component\\\\Mime\\\\Header\\\\AbstractHeader\\0lineLength\\\";i:76;s:50:\\\"\\0Symfony\\\\Component\\\\Mime\\\\Header\\\\AbstractHeader\\0lang\\\";N;s:53:\\\"\\0Symfony\\\\Component\\\\Mime\\\\Header\\\\AbstractHeader\\0charset\\\";s:5:\\\"utf-8\\\";s:58:\\\"\\0Symfony\\\\Component\\\\Mime\\\\Header\\\\MailboxListHeader\\0addresses\\\";a:1:{i:0;O:30:\\\"Symfony\\\\Component\\\\Mime\\\\Address\\\":2:{s:39:\\\"\\0Symfony\\\\Component\\\\Mime\\\\Address\\0address\\\";s:10:\\\"krocco@com\\\";s:36:\\\"\\0Symfony\\\\Component\\\\Mime\\\\Address\\0name\\\";s:0:\\\"\\\";}}}}s:7:\\\"subject\\\";a:1:{i:0;O:48:\\\"Symfony\\\\Component\\\\Mime\\\\Header\\\\UnstructuredHeader\\\":5:{s:50:\\\"\\0Symfony\\\\Component\\\\Mime\\\\Header\\\\AbstractHeader\\0name\\\";s:7:\\\"Subject\\\";s:56:\\\"\\0Symfony\\\\Component\\\\Mime\\\\Header\\\\AbstractHeader\\0lineLength\\\";i:76;s:50:\\\"\\0Symfony\\\\Component\\\\Mime\\\\Header\\\\AbstractHeader\\0lang\\\";N;s:53:\\\"\\0Symfony\\\\Component\\\\Mime\\\\Header\\\\AbstractHeader\\0charset\\\";s:5:\\\"utf-8\\\";s:55:\\\"\\0Symfony\\\\Component\\\\Mime\\\\Header\\\\UnstructuredHeader\\0value\\\";s:25:\\\"Please Confirm your Email\\\";}}}s:49:\\\"\\0Symfony\\\\Component\\\\Mime\\\\Header\\\\Headers\\0lineLength\\\";i:76;}i:1;N;}}i:4;N;}s:61:\\\"\\0Symfony\\\\Component\\\\Mailer\\\\Messenger\\\\SendEmailMessage\\0envelope\\\";N;}}', '[]', 'default', '2024-04-03 10:13:29', '2024-04-03 10:13:29', NULL),
(7, 'O:36:\\\"Symfony\\\\Component\\\\Messenger\\\\Envelope\\\":2:{s:44:\\\"\\0Symfony\\\\Component\\\\Messenger\\\\Envelope\\0stamps\\\";a:1:{s:46:\\\"Symfony\\\\Component\\\\Messenger\\\\Stamp\\\\BusNameStamp\\\";a:1:{i:0;O:46:\\\"Symfony\\\\Component\\\\Messenger\\\\Stamp\\\\BusNameStamp\\\":1:{s:55:\\\"\\0Symfony\\\\Component\\\\Messenger\\\\Stamp\\\\BusNameStamp\\0busName\\\";s:21:\\\"messenger.bus.default\\\";}}}s:45:\\\"\\0Symfony\\\\Component\\\\Messenger\\\\Envelope\\0message\\\";O:51:\\\"Symfony\\\\Component\\\\Mailer\\\\Messenger\\\\SendEmailMessage\\\":2:{s:60:\\\"\\0Symfony\\\\Component\\\\Mailer\\\\Messenger\\\\SendEmailMessage\\0message\\\";O:39:\\\"Symfony\\\\Bridge\\\\Twig\\\\Mime\\\\TemplatedEmail\\\":5:{i:0;s:41:\\\"registration/confirmation_email.html.twig\\\";i:1;N;i:2;a:3:{s:9:\\\"signedUrl\\\";s:169:\\\"http://127.0.0.1:8000/verify/email?expires=1712148862&signature=Jr115OkKkUQWa9F2mZGbILvK0%2FONwV9BL31H2DfwyQk%3D&token=sS%2FViFnJ1RMF%2BXyqH0m2rgA0EmHAm5alk7aWeqcO0jY%3D\\\";s:19:\\\"expiresAtMessageKey\\\";s:26:\\\"%count% hour|%count% hours\\\";s:20:\\\"expiresAtMessageData\\\";a:1:{s:7:\\\"%count%\\\";i:1;}}i:3;a:6:{i:0;N;i:1;N;i:2;N;i:3;N;i:4;a:0:{}i:5;a:2:{i:0;O:37:\\\"Symfony\\\\Component\\\\Mime\\\\Header\\\\Headers\\\":2:{s:46:\\\"\\0Symfony\\\\Component\\\\Mime\\\\Header\\\\Headers\\0headers\\\";a:3:{s:4:\\\"from\\\";a:1:{i:0;O:47:\\\"Symfony\\\\Component\\\\Mime\\\\Header\\\\MailboxListHeader\\\":5:{s:50:\\\"\\0Symfony\\\\Component\\\\Mime\\\\Header\\\\AbstractHeader\\0name\\\";s:4:\\\"From\\\";s:56:\\\"\\0Symfony\\\\Component\\\\Mime\\\\Header\\\\AbstractHeader\\0lineLength\\\";i:76;s:50:\\\"\\0Symfony\\\\Component\\\\Mime\\\\Header\\\\AbstractHeader\\0lang\\\";N;s:53:\\\"\\0Symfony\\\\Component\\\\Mime\\\\Header\\\\AbstractHeader\\0charset\\\";s:5:\\\"utf-8\\\";s:58:\\\"\\0Symfony\\\\Component\\\\Mime\\\\Header\\\\MailboxListHeader\\0addresses\\\";a:1:{i:0;O:30:\\\"Symfony\\\\Component\\\\Mime\\\\Address\\\":2:{s:39:\\\"\\0Symfony\\\\Component\\\\Mime\\\\Address\\0address\\\";s:23:\\\"surikatstudio@gmail.com\\\";s:36:\\\"\\0Symfony\\\\Component\\\\Mime\\\\Address\\0name\\\";s:14:\\\"Surikat Studio\\\";}}}}s:2:\\\"to\\\";a:1:{i:0;O:47:\\\"Symfony\\\\Component\\\\Mime\\\\Header\\\\MailboxListHeader\\\":5:{s:50:\\\"\\0Symfony\\\\Component\\\\Mime\\\\Header\\\\AbstractHeader\\0name\\\";s:2:\\\"To\\\";s:56:\\\"\\0Symfony\\\\Component\\\\Mime\\\\Header\\\\AbstractHeader\\0lineLength\\\";i:76;s:50:\\\"\\0Symfony\\\\Component\\\\Mime\\\\Header\\\\AbstractHeader\\0lang\\\";N;s:53:\\\"\\0Symfony\\\\Component\\\\Mime\\\\Header\\\\AbstractHeader\\0charset\\\";s:5:\\\"utf-8\\\";s:58:\\\"\\0Symfony\\\\Component\\\\Mime\\\\Header\\\\MailboxListHeader\\0addresses\\\";a:1:{i:0;O:30:\\\"Symfony\\\\Component\\\\Mime\\\\Address\\\":2:{s:39:\\\"\\0Symfony\\\\Component\\\\Mime\\\\Address\\0address\\\";s:14:\\\"john@john.john\\\";s:36:\\\"\\0Symfony\\\\Component\\\\Mime\\\\Address\\0name\\\";s:0:\\\"\\\";}}}}s:7:\\\"subject\\\";a:1:{i:0;O:48:\\\"Symfony\\\\Component\\\\Mime\\\\Header\\\\UnstructuredHeader\\\":5:{s:50:\\\"\\0Symfony\\\\Component\\\\Mime\\\\Header\\\\AbstractHeader\\0name\\\";s:7:\\\"Subject\\\";s:56:\\\"\\0Symfony\\\\Component\\\\Mime\\\\Header\\\\AbstractHeader\\0lineLength\\\";i:76;s:50:\\\"\\0Symfony\\\\Component\\\\Mime\\\\Header\\\\AbstractHeader\\0lang\\\";N;s:53:\\\"\\0Symfony\\\\Component\\\\Mime\\\\Header\\\\AbstractHeader\\0charset\\\";s:5:\\\"utf-8\\\";s:55:\\\"\\0Symfony\\\\Component\\\\Mime\\\\Header\\\\UnstructuredHeader\\0value\\\";s:25:\\\"Please Confirm your Email\\\";}}}s:49:\\\"\\0Symfony\\\\Component\\\\Mime\\\\Header\\\\Headers\\0lineLength\\\";i:76;}i:1;N;}}i:4;N;}s:61:\\\"\\0Symfony\\\\Component\\\\Mailer\\\\Messenger\\\\SendEmailMessage\\0envelope\\\";N;}}', '[]', 'default', '2024-04-03 11:54:22', '2024-04-03 11:54:22', NULL),
(8, 'O:36:\\\"Symfony\\\\Component\\\\Messenger\\\\Envelope\\\":2:{s:44:\\\"\\0Symfony\\\\Component\\\\Messenger\\\\Envelope\\0stamps\\\";a:1:{s:46:\\\"Symfony\\\\Component\\\\Messenger\\\\Stamp\\\\BusNameStamp\\\";a:1:{i:0;O:46:\\\"Symfony\\\\Component\\\\Messenger\\\\Stamp\\\\BusNameStamp\\\":1:{s:55:\\\"\\0Symfony\\\\Component\\\\Messenger\\\\Stamp\\\\BusNameStamp\\0busName\\\";s:21:\\\"messenger.bus.default\\\";}}}s:45:\\\"\\0Symfony\\\\Component\\\\Messenger\\\\Envelope\\0message\\\";O:51:\\\"Symfony\\\\Component\\\\Mailer\\\\Messenger\\\\SendEmailMessage\\\":2:{s:60:\\\"\\0Symfony\\\\Component\\\\Mailer\\\\Messenger\\\\SendEmailMessage\\0message\\\";O:39:\\\"Symfony\\\\Bridge\\\\Twig\\\\Mime\\\\TemplatedEmail\\\":5:{i:0;s:41:\\\"registration/confirmation_email.html.twig\\\";i:1;N;i:2;a:3:{s:9:\\\"signedUrl\\\";s:171:\\\"http://127.0.0.1:8000/verify/email?expires=1712151394&signature=hLRF9ZExLAjirRGLusZjwRZQ3QVZj%2Bs%2BTc38vEimpbA%3D&token=BJlYNji5L9JQdv%2FoCmcTgqgVqEylQlCUl8O9I%2FK3Qg0%3D\\\";s:19:\\\"expiresAtMessageKey\\\";s:26:\\\"%count% hour|%count% hours\\\";s:20:\\\"expiresAtMessageData\\\";a:1:{s:7:\\\"%count%\\\";i:1;}}i:3;a:6:{i:0;N;i:1;N;i:2;N;i:3;N;i:4;a:0:{}i:5;a:2:{i:0;O:37:\\\"Symfony\\\\Component\\\\Mime\\\\Header\\\\Headers\\\":2:{s:46:\\\"\\0Symfony\\\\Component\\\\Mime\\\\Header\\\\Headers\\0headers\\\";a:3:{s:4:\\\"from\\\";a:1:{i:0;O:47:\\\"Symfony\\\\Component\\\\Mime\\\\Header\\\\MailboxListHeader\\\":5:{s:50:\\\"\\0Symfony\\\\Component\\\\Mime\\\\Header\\\\AbstractHeader\\0name\\\";s:4:\\\"From\\\";s:56:\\\"\\0Symfony\\\\Component\\\\Mime\\\\Header\\\\AbstractHeader\\0lineLength\\\";i:76;s:50:\\\"\\0Symfony\\\\Component\\\\Mime\\\\Header\\\\AbstractHeader\\0lang\\\";N;s:53:\\\"\\0Symfony\\\\Component\\\\Mime\\\\Header\\\\AbstractHeader\\0charset\\\";s:5:\\\"utf-8\\\";s:58:\\\"\\0Symfony\\\\Component\\\\Mime\\\\Header\\\\MailboxListHeader\\0addresses\\\";a:1:{i:0;O:30:\\\"Symfony\\\\Component\\\\Mime\\\\Address\\\":2:{s:39:\\\"\\0Symfony\\\\Component\\\\Mime\\\\Address\\0address\\\";s:23:\\\"surikatstudio@gmail.com\\\";s:36:\\\"\\0Symfony\\\\Component\\\\Mime\\\\Address\\0name\\\";s:14:\\\"Surikat Studio\\\";}}}}s:2:\\\"to\\\";a:1:{i:0;O:47:\\\"Symfony\\\\Component\\\\Mime\\\\Header\\\\MailboxListHeader\\\":5:{s:50:\\\"\\0Symfony\\\\Component\\\\Mime\\\\Header\\\\AbstractHeader\\0name\\\";s:2:\\\"To\\\";s:56:\\\"\\0Symfony\\\\Component\\\\Mime\\\\Header\\\\AbstractHeader\\0lineLength\\\";i:76;s:50:\\\"\\0Symfony\\\\Component\\\\Mime\\\\Header\\\\AbstractHeader\\0lang\\\";N;s:53:\\\"\\0Symfony\\\\Component\\\\Mime\\\\Header\\\\AbstractHeader\\0charset\\\";s:5:\\\"utf-8\\\";s:58:\\\"\\0Symfony\\\\Component\\\\Mime\\\\Header\\\\MailboxListHeader\\0addresses\\\";a:1:{i:0;O:30:\\\"Symfony\\\\Component\\\\Mime\\\\Address\\\":2:{s:39:\\\"\\0Symfony\\\\Component\\\\Mime\\\\Address\\0address\\\";s:10:\\\"aze@aze.fr\\\";s:36:\\\"\\0Symfony\\\\Component\\\\Mime\\\\Address\\0name\\\";s:0:\\\"\\\";}}}}s:7:\\\"subject\\\";a:1:{i:0;O:48:\\\"Symfony\\\\Component\\\\Mime\\\\Header\\\\UnstructuredHeader\\\":5:{s:50:\\\"\\0Symfony\\\\Component\\\\Mime\\\\Header\\\\AbstractHeader\\0name\\\";s:7:\\\"Subject\\\";s:56:\\\"\\0Symfony\\\\Component\\\\Mime\\\\Header\\\\AbstractHeader\\0lineLength\\\";i:76;s:50:\\\"\\0Symfony\\\\Component\\\\Mime\\\\Header\\\\AbstractHeader\\0lang\\\";N;s:53:\\\"\\0Symfony\\\\Component\\\\Mime\\\\Header\\\\AbstractHeader\\0charset\\\";s:5:\\\"utf-8\\\";s:55:\\\"\\0Symfony\\\\Component\\\\Mime\\\\Header\\\\UnstructuredHeader\\0value\\\";s:25:\\\"Please Confirm your Email\\\";}}}s:49:\\\"\\0Symfony\\\\Component\\\\Mime\\\\Header\\\\Headers\\0lineLength\\\";i:76;}i:1;N;}}i:4;N;}s:61:\\\"\\0Symfony\\\\Component\\\\Mailer\\\\Messenger\\\\SendEmailMessage\\0envelope\\\";N;}}', '[]', 'default', '2024-04-03 12:36:34', '2024-04-03 12:36:34', NULL),
(9, 'O:36:\\\"Symfony\\\\Component\\\\Messenger\\\\Envelope\\\":2:{s:44:\\\"\\0Symfony\\\\Component\\\\Messenger\\\\Envelope\\0stamps\\\";a:1:{s:46:\\\"Symfony\\\\Component\\\\Messenger\\\\Stamp\\\\BusNameStamp\\\";a:1:{i:0;O:46:\\\"Symfony\\\\Component\\\\Messenger\\\\Stamp\\\\BusNameStamp\\\":1:{s:55:\\\"\\0Symfony\\\\Component\\\\Messenger\\\\Stamp\\\\BusNameStamp\\0busName\\\";s:21:\\\"messenger.bus.default\\\";}}}s:45:\\\"\\0Symfony\\\\Component\\\\Messenger\\\\Envelope\\0message\\\";O:51:\\\"Symfony\\\\Component\\\\Mailer\\\\Messenger\\\\SendEmailMessage\\\":2:{s:60:\\\"\\0Symfony\\\\Component\\\\Mailer\\\\Messenger\\\\SendEmailMessage\\0message\\\";O:39:\\\"Symfony\\\\Bridge\\\\Twig\\\\Mime\\\\TemplatedEmail\\\":5:{i:0;s:41:\\\"registration/confirmation_email.html.twig\\\";i:1;N;i:2;a:3:{s:9:\\\"signedUrl\\\";s:169:\\\"http://127.0.0.1:8000/verify/email?expires=1712151711&signature=Xg9syIesoUxecPmH7rYMC9NZ7LYnHZ%2FfQTURA8%2FmCdE%3D&token=2MkK870%2F9kf9ftsZABmQLhpljSCZ5r4vLLy5s8lEiS4%3D\\\";s:19:\\\"expiresAtMessageKey\\\";s:26:\\\"%count% hour|%count% hours\\\";s:20:\\\"expiresAtMessageData\\\";a:1:{s:7:\\\"%count%\\\";i:1;}}i:3;a:6:{i:0;N;i:1;N;i:2;N;i:3;N;i:4;a:0:{}i:5;a:2:{i:0;O:37:\\\"Symfony\\\\Component\\\\Mime\\\\Header\\\\Headers\\\":2:{s:46:\\\"\\0Symfony\\\\Component\\\\Mime\\\\Header\\\\Headers\\0headers\\\";a:3:{s:4:\\\"from\\\";a:1:{i:0;O:47:\\\"Symfony\\\\Component\\\\Mime\\\\Header\\\\MailboxListHeader\\\":5:{s:50:\\\"\\0Symfony\\\\Component\\\\Mime\\\\Header\\\\AbstractHeader\\0name\\\";s:4:\\\"From\\\";s:56:\\\"\\0Symfony\\\\Component\\\\Mime\\\\Header\\\\AbstractHeader\\0lineLength\\\";i:76;s:50:\\\"\\0Symfony\\\\Component\\\\Mime\\\\Header\\\\AbstractHeader\\0lang\\\";N;s:53:\\\"\\0Symfony\\\\Component\\\\Mime\\\\Header\\\\AbstractHeader\\0charset\\\";s:5:\\\"utf-8\\\";s:58:\\\"\\0Symfony\\\\Component\\\\Mime\\\\Header\\\\MailboxListHeader\\0addresses\\\";a:1:{i:0;O:30:\\\"Symfony\\\\Component\\\\Mime\\\\Address\\\":2:{s:39:\\\"\\0Symfony\\\\Component\\\\Mime\\\\Address\\0address\\\";s:23:\\\"surikatstudio@gmail.com\\\";s:36:\\\"\\0Symfony\\\\Component\\\\Mime\\\\Address\\0name\\\";s:14:\\\"Surikat Studio\\\";}}}}s:2:\\\"to\\\";a:1:{i:0;O:47:\\\"Symfony\\\\Component\\\\Mime\\\\Header\\\\MailboxListHeader\\\":5:{s:50:\\\"\\0Symfony\\\\Component\\\\Mime\\\\Header\\\\AbstractHeader\\0name\\\";s:2:\\\"To\\\";s:56:\\\"\\0Symfony\\\\Component\\\\Mime\\\\Header\\\\AbstractHeader\\0lineLength\\\";i:76;s:50:\\\"\\0Symfony\\\\Component\\\\Mime\\\\Header\\\\AbstractHeader\\0lang\\\";N;s:53:\\\"\\0Symfony\\\\Component\\\\Mime\\\\Header\\\\AbstractHeader\\0charset\\\";s:5:\\\"utf-8\\\";s:58:\\\"\\0Symfony\\\\Component\\\\Mime\\\\Header\\\\MailboxListHeader\\0addresses\\\";a:1:{i:0;O:30:\\\"Symfony\\\\Component\\\\Mime\\\\Address\\\":2:{s:39:\\\"\\0Symfony\\\\Component\\\\Mime\\\\Address\\0address\\\";s:11:\\\"oto@oto.com\\\";s:36:\\\"\\0Symfony\\\\Component\\\\Mime\\\\Address\\0name\\\";s:0:\\\"\\\";}}}}s:7:\\\"subject\\\";a:1:{i:0;O:48:\\\"Symfony\\\\Component\\\\Mime\\\\Header\\\\UnstructuredHeader\\\":5:{s:50:\\\"\\0Symfony\\\\Component\\\\Mime\\\\Header\\\\AbstractHeader\\0name\\\";s:7:\\\"Subject\\\";s:56:\\\"\\0Symfony\\\\Component\\\\Mime\\\\Header\\\\AbstractHeader\\0lineLength\\\";i:76;s:50:\\\"\\0Symfony\\\\Component\\\\Mime\\\\Header\\\\AbstractHeader\\0lang\\\";N;s:53:\\\"\\0Symfony\\\\Component\\\\Mime\\\\Header\\\\AbstractHeader\\0charset\\\";s:5:\\\"utf-8\\\";s:55:\\\"\\0Symfony\\\\Component\\\\Mime\\\\Header\\\\UnstructuredHeader\\0value\\\";s:25:\\\"Please Confirm your Email\\\";}}}s:49:\\\"\\0Symfony\\\\Component\\\\Mime\\\\Header\\\\Headers\\0lineLength\\\";i:76;}i:1;N;}}i:4;N;}s:61:\\\"\\0Symfony\\\\Component\\\\Mailer\\\\Messenger\\\\SendEmailMessage\\0envelope\\\";N;}}', '[]', 'default', '2024-04-03 12:41:51', '2024-04-03 12:41:51', NULL),
(10, 'O:36:\\\"Symfony\\\\Component\\\\Messenger\\\\Envelope\\\":2:{s:44:\\\"\\0Symfony\\\\Component\\\\Messenger\\\\Envelope\\0stamps\\\";a:1:{s:46:\\\"Symfony\\\\Component\\\\Messenger\\\\Stamp\\\\BusNameStamp\\\";a:1:{i:0;O:46:\\\"Symfony\\\\Component\\\\Messenger\\\\Stamp\\\\BusNameStamp\\\":1:{s:55:\\\"\\0Symfony\\\\Component\\\\Messenger\\\\Stamp\\\\BusNameStamp\\0busName\\\";s:21:\\\"messenger.bus.default\\\";}}}s:45:\\\"\\0Symfony\\\\Component\\\\Messenger\\\\Envelope\\0message\\\";O:51:\\\"Symfony\\\\Component\\\\Mailer\\\\Messenger\\\\SendEmailMessage\\\":2:{s:60:\\\"\\0Symfony\\\\Component\\\\Mailer\\\\Messenger\\\\SendEmailMessage\\0message\\\";O:39:\\\"Symfony\\\\Bridge\\\\Twig\\\\Mime\\\\TemplatedEmail\\\":5:{i:0;s:41:\\\"registration/confirmation_email.html.twig\\\";i:1;N;i:2;a:3:{s:9:\\\"signedUrl\\\";s:167:\\\"http://127.0.0.1:8000/verify/email?expires=1712151815&signature=EpvmRE3oeh3RW4KBklr9UHfg676hfjnptw8%2BZxbTfmY%3D&token=oJz7uiLwCusraoLFTVEz2jAn1AC505JjhT5%2BmuTQA2U%3D\\\";s:19:\\\"expiresAtMessageKey\\\";s:26:\\\"%count% hour|%count% hours\\\";s:20:\\\"expiresAtMessageData\\\";a:1:{s:7:\\\"%count%\\\";i:1;}}i:3;a:6:{i:0;N;i:1;N;i:2;N;i:3;N;i:4;a:0:{}i:5;a:2:{i:0;O:37:\\\"Symfony\\\\Component\\\\Mime\\\\Header\\\\Headers\\\":2:{s:46:\\\"\\0Symfony\\\\Component\\\\Mime\\\\Header\\\\Headers\\0headers\\\";a:3:{s:4:\\\"from\\\";a:1:{i:0;O:47:\\\"Symfony\\\\Component\\\\Mime\\\\Header\\\\MailboxListHeader\\\":5:{s:50:\\\"\\0Symfony\\\\Component\\\\Mime\\\\Header\\\\AbstractHeader\\0name\\\";s:4:\\\"From\\\";s:56:\\\"\\0Symfony\\\\Component\\\\Mime\\\\Header\\\\AbstractHeader\\0lineLength\\\";i:76;s:50:\\\"\\0Symfony\\\\Component\\\\Mime\\\\Header\\\\AbstractHeader\\0lang\\\";N;s:53:\\\"\\0Symfony\\\\Component\\\\Mime\\\\Header\\\\AbstractHeader\\0charset\\\";s:5:\\\"utf-8\\\";s:58:\\\"\\0Symfony\\\\Component\\\\Mime\\\\Header\\\\MailboxListHeader\\0addresses\\\";a:1:{i:0;O:30:\\\"Symfony\\\\Component\\\\Mime\\\\Address\\\":2:{s:39:\\\"\\0Symfony\\\\Component\\\\Mime\\\\Address\\0address\\\";s:23:\\\"surikatstudio@gmail.com\\\";s:36:\\\"\\0Symfony\\\\Component\\\\Mime\\\\Address\\0name\\\";s:14:\\\"Surikat Studio\\\";}}}}s:2:\\\"to\\\";a:1:{i:0;O:47:\\\"Symfony\\\\Component\\\\Mime\\\\Header\\\\MailboxListHeader\\\":5:{s:50:\\\"\\0Symfony\\\\Component\\\\Mime\\\\Header\\\\AbstractHeader\\0name\\\";s:2:\\\"To\\\";s:56:\\\"\\0Symfony\\\\Component\\\\Mime\\\\Header\\\\AbstractHeader\\0lineLength\\\";i:76;s:50:\\\"\\0Symfony\\\\Component\\\\Mime\\\\Header\\\\AbstractHeader\\0lang\\\";N;s:53:\\\"\\0Symfony\\\\Component\\\\Mime\\\\Header\\\\AbstractHeader\\0charset\\\";s:5:\\\"utf-8\\\";s:58:\\\"\\0Symfony\\\\Component\\\\Mime\\\\Header\\\\MailboxListHeader\\0addresses\\\";a:1:{i:0;O:30:\\\"Symfony\\\\Component\\\\Mime\\\\Address\\\":2:{s:39:\\\"\\0Symfony\\\\Component\\\\Mime\\\\Address\\0address\\\";s:10:\\\"aze@aze.fr\\\";s:36:\\\"\\0Symfony\\\\Component\\\\Mime\\\\Address\\0name\\\";s:0:\\\"\\\";}}}}s:7:\\\"subject\\\";a:1:{i:0;O:48:\\\"Symfony\\\\Component\\\\Mime\\\\Header\\\\UnstructuredHeader\\\":5:{s:50:\\\"\\0Symfony\\\\Component\\\\Mime\\\\Header\\\\AbstractHeader\\0name\\\";s:7:\\\"Subject\\\";s:56:\\\"\\0Symfony\\\\Component\\\\Mime\\\\Header\\\\AbstractHeader\\0lineLength\\\";i:76;s:50:\\\"\\0Symfony\\\\Component\\\\Mime\\\\Header\\\\AbstractHeader\\0lang\\\";N;s:53:\\\"\\0Symfony\\\\Component\\\\Mime\\\\Header\\\\AbstractHeader\\0charset\\\";s:5:\\\"utf-8\\\";s:55:\\\"\\0Symfony\\\\Component\\\\Mime\\\\Header\\\\UnstructuredHeader\\0value\\\";s:25:\\\"Please Confirm your Email\\\";}}}s:49:\\\"\\0Symfony\\\\Component\\\\Mime\\\\Header\\\\Headers\\0lineLength\\\";i:76;}i:1;N;}}i:4;N;}s:61:\\\"\\0Symfony\\\\Component\\\\Mailer\\\\Messenger\\\\SendEmailMessage\\0envelope\\\";N;}}', '[]', 'default', '2024-04-03 12:43:35', '2024-04-03 12:43:35', NULL),
(11, 'O:36:\\\"Symfony\\\\Component\\\\Messenger\\\\Envelope\\\":2:{s:44:\\\"\\0Symfony\\\\Component\\\\Messenger\\\\Envelope\\0stamps\\\";a:1:{s:46:\\\"Symfony\\\\Component\\\\Messenger\\\\Stamp\\\\BusNameStamp\\\";a:1:{i:0;O:46:\\\"Symfony\\\\Component\\\\Messenger\\\\Stamp\\\\BusNameStamp\\\":1:{s:55:\\\"\\0Symfony\\\\Component\\\\Messenger\\\\Stamp\\\\BusNameStamp\\0busName\\\";s:21:\\\"messenger.bus.default\\\";}}}s:45:\\\"\\0Symfony\\\\Component\\\\Messenger\\\\Envelope\\0message\\\";O:51:\\\"Symfony\\\\Component\\\\Mailer\\\\Messenger\\\\SendEmailMessage\\\":2:{s:60:\\\"\\0Symfony\\\\Component\\\\Mailer\\\\Messenger\\\\SendEmailMessage\\0message\\\";O:39:\\\"Symfony\\\\Bridge\\\\Twig\\\\Mime\\\\TemplatedEmail\\\":5:{i:0;s:41:\\\"registration/confirmation_email.html.twig\\\";i:1;N;i:2;a:3:{s:9:\\\"signedUrl\\\";s:169:\\\"http://127.0.0.1:8000/verify/email?expires=1712151863&signature=qkfVL5en5YOHgRXvG%2BGeGzK8EA0ymJhjlH72V%2F9Zs0c%3D&token=ZRk5q0OiQatgYjkMbV51Er5o4OZeM0QCy9n2hiaz%2BT8%3D\\\";s:19:\\\"expiresAtMessageKey\\\";s:26:\\\"%count% hour|%count% hours\\\";s:20:\\\"expiresAtMessageData\\\";a:1:{s:7:\\\"%count%\\\";i:1;}}i:3;a:6:{i:0;N;i:1;N;i:2;N;i:3;N;i:4;a:0:{}i:5;a:2:{i:0;O:37:\\\"Symfony\\\\Component\\\\Mime\\\\Header\\\\Headers\\\":2:{s:46:\\\"\\0Symfony\\\\Component\\\\Mime\\\\Header\\\\Headers\\0headers\\\";a:3:{s:4:\\\"from\\\";a:1:{i:0;O:47:\\\"Symfony\\\\Component\\\\Mime\\\\Header\\\\MailboxListHeader\\\":5:{s:50:\\\"\\0Symfony\\\\Component\\\\Mime\\\\Header\\\\AbstractHeader\\0name\\\";s:4:\\\"From\\\";s:56:\\\"\\0Symfony\\\\Component\\\\Mime\\\\Header\\\\AbstractHeader\\0lineLength\\\";i:76;s:50:\\\"\\0Symfony\\\\Component\\\\Mime\\\\Header\\\\AbstractHeader\\0lang\\\";N;s:53:\\\"\\0Symfony\\\\Component\\\\Mime\\\\Header\\\\AbstractHeader\\0charset\\\";s:5:\\\"utf-8\\\";s:58:\\\"\\0Symfony\\\\Component\\\\Mime\\\\Header\\\\MailboxListHeader\\0addresses\\\";a:1:{i:0;O:30:\\\"Symfony\\\\Component\\\\Mime\\\\Address\\\":2:{s:39:\\\"\\0Symfony\\\\Component\\\\Mime\\\\Address\\0address\\\";s:23:\\\"surikatstudio@gmail.com\\\";s:36:\\\"\\0Symfony\\\\Component\\\\Mime\\\\Address\\0name\\\";s:14:\\\"Surikat Studio\\\";}}}}s:2:\\\"to\\\";a:1:{i:0;O:47:\\\"Symfony\\\\Component\\\\Mime\\\\Header\\\\MailboxListHeader\\\":5:{s:50:\\\"\\0Symfony\\\\Component\\\\Mime\\\\Header\\\\AbstractHeader\\0name\\\";s:2:\\\"To\\\";s:56:\\\"\\0Symfony\\\\Component\\\\Mime\\\\Header\\\\AbstractHeader\\0lineLength\\\";i:76;s:50:\\\"\\0Symfony\\\\Component\\\\Mime\\\\Header\\\\AbstractHeader\\0lang\\\";N;s:53:\\\"\\0Symfony\\\\Component\\\\Mime\\\\Header\\\\AbstractHeader\\0charset\\\";s:5:\\\"utf-8\\\";s:58:\\\"\\0Symfony\\\\Component\\\\Mime\\\\Header\\\\MailboxListHeader\\0addresses\\\";a:1:{i:0;O:30:\\\"Symfony\\\\Component\\\\Mime\\\\Address\\\":2:{s:39:\\\"\\0Symfony\\\\Component\\\\Mime\\\\Address\\0address\\\";s:14:\\\"123@123@.13223\\\";s:36:\\\"\\0Symfony\\\\Component\\\\Mime\\\\Address\\0name\\\";s:0:\\\"\\\";}}}}s:7:\\\"subject\\\";a:1:{i:0;O:48:\\\"Symfony\\\\Component\\\\Mime\\\\Header\\\\UnstructuredHeader\\\":5:{s:50:\\\"\\0Symfony\\\\Component\\\\Mime\\\\Header\\\\AbstractHeader\\0name\\\";s:7:\\\"Subject\\\";s:56:\\\"\\0Symfony\\\\Component\\\\Mime\\\\Header\\\\AbstractHeader\\0lineLength\\\";i:76;s:50:\\\"\\0Symfony\\\\Component\\\\Mime\\\\Header\\\\AbstractHeader\\0lang\\\";N;s:53:\\\"\\0Symfony\\\\Component\\\\Mime\\\\Header\\\\AbstractHeader\\0charset\\\";s:5:\\\"utf-8\\\";s:55:\\\"\\0Symfony\\\\Component\\\\Mime\\\\Header\\\\UnstructuredHeader\\0value\\\";s:25:\\\"Please Confirm your Email\\\";}}}s:49:\\\"\\0Symfony\\\\Component\\\\Mime\\\\Header\\\\Headers\\0lineLength\\\";i:76;}i:1;N;}}i:4;N;}s:61:\\\"\\0Symfony\\\\Component\\\\Mailer\\\\Messenger\\\\SendEmailMessage\\0envelope\\\";N;}}', '[]', 'default', '2024-04-03 12:44:23', '2024-04-03 12:44:23', NULL),
(12, 'O:36:\\\"Symfony\\\\Component\\\\Messenger\\\\Envelope\\\":2:{s:44:\\\"\\0Symfony\\\\Component\\\\Messenger\\\\Envelope\\0stamps\\\";a:1:{s:46:\\\"Symfony\\\\Component\\\\Messenger\\\\Stamp\\\\BusNameStamp\\\";a:1:{i:0;O:46:\\\"Symfony\\\\Component\\\\Messenger\\\\Stamp\\\\BusNameStamp\\\":1:{s:55:\\\"\\0Symfony\\\\Component\\\\Messenger\\\\Stamp\\\\BusNameStamp\\0busName\\\";s:21:\\\"messenger.bus.default\\\";}}}s:45:\\\"\\0Symfony\\\\Component\\\\Messenger\\\\Envelope\\0message\\\";O:51:\\\"Symfony\\\\Component\\\\Mailer\\\\Messenger\\\\SendEmailMessage\\\":2:{s:60:\\\"\\0Symfony\\\\Component\\\\Mailer\\\\Messenger\\\\SendEmailMessage\\0message\\\";O:39:\\\"Symfony\\\\Bridge\\\\Twig\\\\Mime\\\\TemplatedEmail\\\":5:{i:0;s:41:\\\"registration/confirmation_email.html.twig\\\";i:1;N;i:2;a:3:{s:9:\\\"signedUrl\\\";s:165:\\\"http://127.0.0.1:8000/verify/email?expires=1712151957&signature=Ge%2F1jO6bJw5gGjFfHDorhhoBDwHaVBIIGrLJLtBxzDA%3D&token=3N2ELoR6eubWnDUk5RotiFs8YbKOm8EnzTU04CCTrOI%3D\\\";s:19:\\\"expiresAtMessageKey\\\";s:26:\\\"%count% hour|%count% hours\\\";s:20:\\\"expiresAtMessageData\\\";a:1:{s:7:\\\"%count%\\\";i:1;}}i:3;a:6:{i:0;N;i:1;N;i:2;N;i:3;N;i:4;a:0:{}i:5;a:2:{i:0;O:37:\\\"Symfony\\\\Component\\\\Mime\\\\Header\\\\Headers\\\":2:{s:46:\\\"\\0Symfony\\\\Component\\\\Mime\\\\Header\\\\Headers\\0headers\\\";a:3:{s:4:\\\"from\\\";a:1:{i:0;O:47:\\\"Symfony\\\\Component\\\\Mime\\\\Header\\\\MailboxListHeader\\\":5:{s:50:\\\"\\0Symfony\\\\Component\\\\Mime\\\\Header\\\\AbstractHeader\\0name\\\";s:4:\\\"From\\\";s:56:\\\"\\0Symfony\\\\Component\\\\Mime\\\\Header\\\\AbstractHeader\\0lineLength\\\";i:76;s:50:\\\"\\0Symfony\\\\Component\\\\Mime\\\\Header\\\\AbstractHeader\\0lang\\\";N;s:53:\\\"\\0Symfony\\\\Component\\\\Mime\\\\Header\\\\AbstractHeader\\0charset\\\";s:5:\\\"utf-8\\\";s:58:\\\"\\0Symfony\\\\Component\\\\Mime\\\\Header\\\\MailboxListHeader\\0addresses\\\";a:1:{i:0;O:30:\\\"Symfony\\\\Component\\\\Mime\\\\Address\\\":2:{s:39:\\\"\\0Symfony\\\\Component\\\\Mime\\\\Address\\0address\\\";s:23:\\\"surikatstudio@gmail.com\\\";s:36:\\\"\\0Symfony\\\\Component\\\\Mime\\\\Address\\0name\\\";s:14:\\\"Surikat Studio\\\";}}}}s:2:\\\"to\\\";a:1:{i:0;O:47:\\\"Symfony\\\\Component\\\\Mime\\\\Header\\\\MailboxListHeader\\\":5:{s:50:\\\"\\0Symfony\\\\Component\\\\Mime\\\\Header\\\\AbstractHeader\\0name\\\";s:2:\\\"To\\\";s:56:\\\"\\0Symfony\\\\Component\\\\Mime\\\\Header\\\\AbstractHeader\\0lineLength\\\";i:76;s:50:\\\"\\0Symfony\\\\Component\\\\Mime\\\\Header\\\\AbstractHeader\\0lang\\\";N;s:53:\\\"\\0Symfony\\\\Component\\\\Mime\\\\Header\\\\AbstractHeader\\0charset\\\";s:5:\\\"utf-8\\\";s:58:\\\"\\0Symfony\\\\Component\\\\Mime\\\\Header\\\\MailboxListHeader\\0addresses\\\";a:1:{i:0;O:30:\\\"Symfony\\\\Component\\\\Mime\\\\Address\\\":2:{s:39:\\\"\\0Symfony\\\\Component\\\\Mime\\\\Address\\0address\\\";s:11:\\\"oto@oto.com\\\";s:36:\\\"\\0Symfony\\\\Component\\\\Mime\\\\Address\\0name\\\";s:0:\\\"\\\";}}}}s:7:\\\"subject\\\";a:1:{i:0;O:48:\\\"Symfony\\\\Component\\\\Mime\\\\Header\\\\UnstructuredHeader\\\":5:{s:50:\\\"\\0Symfony\\\\Component\\\\Mime\\\\Header\\\\AbstractHeader\\0name\\\";s:7:\\\"Subject\\\";s:56:\\\"\\0Symfony\\\\Component\\\\Mime\\\\Header\\\\AbstractHeader\\0lineLength\\\";i:76;s:50:\\\"\\0Symfony\\\\Component\\\\Mime\\\\Header\\\\AbstractHeader\\0lang\\\";N;s:53:\\\"\\0Symfony\\\\Component\\\\Mime\\\\Header\\\\AbstractHeader\\0charset\\\";s:5:\\\"utf-8\\\";s:55:\\\"\\0Symfony\\\\Component\\\\Mime\\\\Header\\\\UnstructuredHeader\\0value\\\";s:25:\\\"Please Confirm your Email\\\";}}}s:49:\\\"\\0Symfony\\\\Component\\\\Mime\\\\Header\\\\Headers\\0lineLength\\\";i:76;}i:1;N;}}i:4;N;}s:61:\\\"\\0Symfony\\\\Component\\\\Mailer\\\\Messenger\\\\SendEmailMessage\\0envelope\\\";N;}}', '[]', 'default', '2024-04-03 12:45:57', '2024-04-03 12:45:57', NULL);
INSERT INTO `messenger_messages` (`id`, `body`, `headers`, `queue_name`, `created_at`, `available_at`, `delivered_at`) VALUES
(13, 'O:36:\\\"Symfony\\\\Component\\\\Messenger\\\\Envelope\\\":2:{s:44:\\\"\\0Symfony\\\\Component\\\\Messenger\\\\Envelope\\0stamps\\\";a:1:{s:46:\\\"Symfony\\\\Component\\\\Messenger\\\\Stamp\\\\BusNameStamp\\\";a:1:{i:0;O:46:\\\"Symfony\\\\Component\\\\Messenger\\\\Stamp\\\\BusNameStamp\\\":1:{s:55:\\\"\\0Symfony\\\\Component\\\\Messenger\\\\Stamp\\\\BusNameStamp\\0busName\\\";s:21:\\\"messenger.bus.default\\\";}}}s:45:\\\"\\0Symfony\\\\Component\\\\Messenger\\\\Envelope\\0message\\\";O:51:\\\"Symfony\\\\Component\\\\Mailer\\\\Messenger\\\\SendEmailMessage\\\":2:{s:60:\\\"\\0Symfony\\\\Component\\\\Mailer\\\\Messenger\\\\SendEmailMessage\\0message\\\";O:39:\\\"Symfony\\\\Bridge\\\\Twig\\\\Mime\\\\TemplatedEmail\\\":5:{i:0;s:41:\\\"registration/confirmation_email.html.twig\\\";i:1;N;i:2;a:3:{s:9:\\\"signedUrl\\\";s:169:\\\"http://127.0.0.1:8000/verify/email?expires=1712152166&signature=PSoc51WIEzajXstlVZg450uezNzfxs5yGesJ9xuS9P4%3D&token=9jmPc6676nj2Hsvcitgqm%2BMyCgNAeZgsQO%2B7lJBs%2Bqk%3D\\\";s:19:\\\"expiresAtMessageKey\\\";s:26:\\\"%count% hour|%count% hours\\\";s:20:\\\"expiresAtMessageData\\\";a:1:{s:7:\\\"%count%\\\";i:1;}}i:3;a:6:{i:0;N;i:1;N;i:2;N;i:3;N;i:4;a:0:{}i:5;a:2:{i:0;O:37:\\\"Symfony\\\\Component\\\\Mime\\\\Header\\\\Headers\\\":2:{s:46:\\\"\\0Symfony\\\\Component\\\\Mime\\\\Header\\\\Headers\\0headers\\\";a:3:{s:4:\\\"from\\\";a:1:{i:0;O:47:\\\"Symfony\\\\Component\\\\Mime\\\\Header\\\\MailboxListHeader\\\":5:{s:50:\\\"\\0Symfony\\\\Component\\\\Mime\\\\Header\\\\AbstractHeader\\0name\\\";s:4:\\\"From\\\";s:56:\\\"\\0Symfony\\\\Component\\\\Mime\\\\Header\\\\AbstractHeader\\0lineLength\\\";i:76;s:50:\\\"\\0Symfony\\\\Component\\\\Mime\\\\Header\\\\AbstractHeader\\0lang\\\";N;s:53:\\\"\\0Symfony\\\\Component\\\\Mime\\\\Header\\\\AbstractHeader\\0charset\\\";s:5:\\\"utf-8\\\";s:58:\\\"\\0Symfony\\\\Component\\\\Mime\\\\Header\\\\MailboxListHeader\\0addresses\\\";a:1:{i:0;O:30:\\\"Symfony\\\\Component\\\\Mime\\\\Address\\\":2:{s:39:\\\"\\0Symfony\\\\Component\\\\Mime\\\\Address\\0address\\\";s:23:\\\"surikatstudio@gmail.com\\\";s:36:\\\"\\0Symfony\\\\Component\\\\Mime\\\\Address\\0name\\\";s:14:\\\"Surikat Studio\\\";}}}}s:2:\\\"to\\\";a:1:{i:0;O:47:\\\"Symfony\\\\Component\\\\Mime\\\\Header\\\\MailboxListHeader\\\":5:{s:50:\\\"\\0Symfony\\\\Component\\\\Mime\\\\Header\\\\AbstractHeader\\0name\\\";s:2:\\\"To\\\";s:56:\\\"\\0Symfony\\\\Component\\\\Mime\\\\Header\\\\AbstractHeader\\0lineLength\\\";i:76;s:50:\\\"\\0Symfony\\\\Component\\\\Mime\\\\Header\\\\AbstractHeader\\0lang\\\";N;s:53:\\\"\\0Symfony\\\\Component\\\\Mime\\\\Header\\\\AbstractHeader\\0charset\\\";s:5:\\\"utf-8\\\";s:58:\\\"\\0Symfony\\\\Component\\\\Mime\\\\Header\\\\MailboxListHeader\\0addresses\\\";a:1:{i:0;O:30:\\\"Symfony\\\\Component\\\\Mime\\\\Address\\\":2:{s:39:\\\"\\0Symfony\\\\Component\\\\Mime\\\\Address\\0address\\\";s:11:\\\"oto@oto.com\\\";s:36:\\\"\\0Symfony\\\\Component\\\\Mime\\\\Address\\0name\\\";s:0:\\\"\\\";}}}}s:7:\\\"subject\\\";a:1:{i:0;O:48:\\\"Symfony\\\\Component\\\\Mime\\\\Header\\\\UnstructuredHeader\\\":5:{s:50:\\\"\\0Symfony\\\\Component\\\\Mime\\\\Header\\\\AbstractHeader\\0name\\\";s:7:\\\"Subject\\\";s:56:\\\"\\0Symfony\\\\Component\\\\Mime\\\\Header\\\\AbstractHeader\\0lineLength\\\";i:76;s:50:\\\"\\0Symfony\\\\Component\\\\Mime\\\\Header\\\\AbstractHeader\\0lang\\\";N;s:53:\\\"\\0Symfony\\\\Component\\\\Mime\\\\Header\\\\AbstractHeader\\0charset\\\";s:5:\\\"utf-8\\\";s:55:\\\"\\0Symfony\\\\Component\\\\Mime\\\\Header\\\\UnstructuredHeader\\0value\\\";s:25:\\\"Please Confirm your Email\\\";}}}s:49:\\\"\\0Symfony\\\\Component\\\\Mime\\\\Header\\\\Headers\\0lineLength\\\";i:76;}i:1;N;}}i:4;N;}s:61:\\\"\\0Symfony\\\\Component\\\\Mailer\\\\Messenger\\\\SendEmailMessage\\0envelope\\\";N;}}', '[]', 'default', '2024-04-03 12:49:26', '2024-04-03 12:49:26', NULL),
(14, 'O:36:\\\"Symfony\\\\Component\\\\Messenger\\\\Envelope\\\":2:{s:44:\\\"\\0Symfony\\\\Component\\\\Messenger\\\\Envelope\\0stamps\\\";a:1:{s:46:\\\"Symfony\\\\Component\\\\Messenger\\\\Stamp\\\\BusNameStamp\\\";a:1:{i:0;O:46:\\\"Symfony\\\\Component\\\\Messenger\\\\Stamp\\\\BusNameStamp\\\":1:{s:55:\\\"\\0Symfony\\\\Component\\\\Messenger\\\\Stamp\\\\BusNameStamp\\0busName\\\";s:21:\\\"messenger.bus.default\\\";}}}s:45:\\\"\\0Symfony\\\\Component\\\\Messenger\\\\Envelope\\0message\\\";O:51:\\\"Symfony\\\\Component\\\\Mailer\\\\Messenger\\\\SendEmailMessage\\\":2:{s:60:\\\"\\0Symfony\\\\Component\\\\Mailer\\\\Messenger\\\\SendEmailMessage\\0message\\\";O:39:\\\"Symfony\\\\Bridge\\\\Twig\\\\Mime\\\\TemplatedEmail\\\":5:{i:0;s:41:\\\"registration/confirmation_email.html.twig\\\";i:1;N;i:2;a:3:{s:9:\\\"signedUrl\\\";s:165:\\\"http://127.0.0.1:8000/verify/email?expires=1712158479&signature=3XNCTyeb3MH3utDohWAbIwH6sqpBQgz93dUydjlrX7M%3D&token=oCoQa94IaPjIczvNa2cXt0E4XCo8ymFd6%2FyQuZ6eKtQ%3D\\\";s:19:\\\"expiresAtMessageKey\\\";s:26:\\\"%count% hour|%count% hours\\\";s:20:\\\"expiresAtMessageData\\\";a:1:{s:7:\\\"%count%\\\";i:1;}}i:3;a:6:{i:0;N;i:1;N;i:2;N;i:3;N;i:4;a:0:{}i:5;a:2:{i:0;O:37:\\\"Symfony\\\\Component\\\\Mime\\\\Header\\\\Headers\\\":2:{s:46:\\\"\\0Symfony\\\\Component\\\\Mime\\\\Header\\\\Headers\\0headers\\\";a:3:{s:4:\\\"from\\\";a:1:{i:0;O:47:\\\"Symfony\\\\Component\\\\Mime\\\\Header\\\\MailboxListHeader\\\":5:{s:50:\\\"\\0Symfony\\\\Component\\\\Mime\\\\Header\\\\AbstractHeader\\0name\\\";s:4:\\\"From\\\";s:56:\\\"\\0Symfony\\\\Component\\\\Mime\\\\Header\\\\AbstractHeader\\0lineLength\\\";i:76;s:50:\\\"\\0Symfony\\\\Component\\\\Mime\\\\Header\\\\AbstractHeader\\0lang\\\";N;s:53:\\\"\\0Symfony\\\\Component\\\\Mime\\\\Header\\\\AbstractHeader\\0charset\\\";s:5:\\\"utf-8\\\";s:58:\\\"\\0Symfony\\\\Component\\\\Mime\\\\Header\\\\MailboxListHeader\\0addresses\\\";a:1:{i:0;O:30:\\\"Symfony\\\\Component\\\\Mime\\\\Address\\\":2:{s:39:\\\"\\0Symfony\\\\Component\\\\Mime\\\\Address\\0address\\\";s:23:\\\"surikatstudio@gmail.com\\\";s:36:\\\"\\0Symfony\\\\Component\\\\Mime\\\\Address\\0name\\\";s:14:\\\"Surikat Studio\\\";}}}}s:2:\\\"to\\\";a:1:{i:0;O:47:\\\"Symfony\\\\Component\\\\Mime\\\\Header\\\\MailboxListHeader\\\":5:{s:50:\\\"\\0Symfony\\\\Component\\\\Mime\\\\Header\\\\AbstractHeader\\0name\\\";s:2:\\\"To\\\";s:56:\\\"\\0Symfony\\\\Component\\\\Mime\\\\Header\\\\AbstractHeader\\0lineLength\\\";i:76;s:50:\\\"\\0Symfony\\\\Component\\\\Mime\\\\Header\\\\AbstractHeader\\0lang\\\";N;s:53:\\\"\\0Symfony\\\\Component\\\\Mime\\\\Header\\\\AbstractHeader\\0charset\\\";s:5:\\\"utf-8\\\";s:58:\\\"\\0Symfony\\\\Component\\\\Mime\\\\Header\\\\MailboxListHeader\\0addresses\\\";a:1:{i:0;O:30:\\\"Symfony\\\\Component\\\\Mime\\\\Address\\\":2:{s:39:\\\"\\0Symfony\\\\Component\\\\Mime\\\\Address\\0address\\\";s:17:\\\"oto@oto.comqzdqzd\\\";s:36:\\\"\\0Symfony\\\\Component\\\\Mime\\\\Address\\0name\\\";s:0:\\\"\\\";}}}}s:7:\\\"subject\\\";a:1:{i:0;O:48:\\\"Symfony\\\\Component\\\\Mime\\\\Header\\\\UnstructuredHeader\\\":5:{s:50:\\\"\\0Symfony\\\\Component\\\\Mime\\\\Header\\\\AbstractHeader\\0name\\\";s:7:\\\"Subject\\\";s:56:\\\"\\0Symfony\\\\Component\\\\Mime\\\\Header\\\\AbstractHeader\\0lineLength\\\";i:76;s:50:\\\"\\0Symfony\\\\Component\\\\Mime\\\\Header\\\\AbstractHeader\\0lang\\\";N;s:53:\\\"\\0Symfony\\\\Component\\\\Mime\\\\Header\\\\AbstractHeader\\0charset\\\";s:5:\\\"utf-8\\\";s:55:\\\"\\0Symfony\\\\Component\\\\Mime\\\\Header\\\\UnstructuredHeader\\0value\\\";s:25:\\\"Please Confirm your Email\\\";}}}s:49:\\\"\\0Symfony\\\\Component\\\\Mime\\\\Header\\\\Headers\\0lineLength\\\";i:76;}i:1;N;}}i:4;N;}s:61:\\\"\\0Symfony\\\\Component\\\\Mailer\\\\Messenger\\\\SendEmailMessage\\0envelope\\\";N;}}', '[]', 'default', '2024-04-03 14:34:39', '2024-04-03 14:34:39', NULL),
(15, 'O:36:\\\"Symfony\\\\Component\\\\Messenger\\\\Envelope\\\":2:{s:44:\\\"\\0Symfony\\\\Component\\\\Messenger\\\\Envelope\\0stamps\\\";a:1:{s:46:\\\"Symfony\\\\Component\\\\Messenger\\\\Stamp\\\\BusNameStamp\\\";a:1:{i:0;O:46:\\\"Symfony\\\\Component\\\\Messenger\\\\Stamp\\\\BusNameStamp\\\":1:{s:55:\\\"\\0Symfony\\\\Component\\\\Messenger\\\\Stamp\\\\BusNameStamp\\0busName\\\";s:21:\\\"messenger.bus.default\\\";}}}s:45:\\\"\\0Symfony\\\\Component\\\\Messenger\\\\Envelope\\0message\\\";O:51:\\\"Symfony\\\\Component\\\\Mailer\\\\Messenger\\\\SendEmailMessage\\\":2:{s:60:\\\"\\0Symfony\\\\Component\\\\Mailer\\\\Messenger\\\\SendEmailMessage\\0message\\\";O:39:\\\"Symfony\\\\Bridge\\\\Twig\\\\Mime\\\\TemplatedEmail\\\":5:{i:0;s:41:\\\"registration/confirmation_email.html.twig\\\";i:1;N;i:2;a:3:{s:9:\\\"signedUrl\\\";s:171:\\\"http://127.0.0.1:8000/verify/email?expires=1712228558&signature=q9G3amb6Ut5ehN9au%2BSLmiLWiIwri5Fm7LO9sgz4O%2Bo%3D&token=02q5mwJ5yYLU6sIP7qa4%2BEOs%2FYsIhHk55uMgMfEqvi0%3D\\\";s:19:\\\"expiresAtMessageKey\\\";s:26:\\\"%count% hour|%count% hours\\\";s:20:\\\"expiresAtMessageData\\\";a:1:{s:7:\\\"%count%\\\";i:1;}}i:3;a:6:{i:0;N;i:1;N;i:2;N;i:3;N;i:4;a:0:{}i:5;a:2:{i:0;O:37:\\\"Symfony\\\\Component\\\\Mime\\\\Header\\\\Headers\\\":2:{s:46:\\\"\\0Symfony\\\\Component\\\\Mime\\\\Header\\\\Headers\\0headers\\\";a:3:{s:4:\\\"from\\\";a:1:{i:0;O:47:\\\"Symfony\\\\Component\\\\Mime\\\\Header\\\\MailboxListHeader\\\":5:{s:50:\\\"\\0Symfony\\\\Component\\\\Mime\\\\Header\\\\AbstractHeader\\0name\\\";s:4:\\\"From\\\";s:56:\\\"\\0Symfony\\\\Component\\\\Mime\\\\Header\\\\AbstractHeader\\0lineLength\\\";i:76;s:50:\\\"\\0Symfony\\\\Component\\\\Mime\\\\Header\\\\AbstractHeader\\0lang\\\";N;s:53:\\\"\\0Symfony\\\\Component\\\\Mime\\\\Header\\\\AbstractHeader\\0charset\\\";s:5:\\\"utf-8\\\";s:58:\\\"\\0Symfony\\\\Component\\\\Mime\\\\Header\\\\MailboxListHeader\\0addresses\\\";a:1:{i:0;O:30:\\\"Symfony\\\\Component\\\\Mime\\\\Address\\\":2:{s:39:\\\"\\0Symfony\\\\Component\\\\Mime\\\\Address\\0address\\\";s:23:\\\"surikatstudio@gmail.com\\\";s:36:\\\"\\0Symfony\\\\Component\\\\Mime\\\\Address\\0name\\\";s:14:\\\"Surikat Studio\\\";}}}}s:2:\\\"to\\\";a:1:{i:0;O:47:\\\"Symfony\\\\Component\\\\Mime\\\\Header\\\\MailboxListHeader\\\":5:{s:50:\\\"\\0Symfony\\\\Component\\\\Mime\\\\Header\\\\AbstractHeader\\0name\\\";s:2:\\\"To\\\";s:56:\\\"\\0Symfony\\\\Component\\\\Mime\\\\Header\\\\AbstractHeader\\0lineLength\\\";i:76;s:50:\\\"\\0Symfony\\\\Component\\\\Mime\\\\Header\\\\AbstractHeader\\0lang\\\";N;s:53:\\\"\\0Symfony\\\\Component\\\\Mime\\\\Header\\\\AbstractHeader\\0charset\\\";s:5:\\\"utf-8\\\";s:58:\\\"\\0Symfony\\\\Component\\\\Mime\\\\Header\\\\MailboxListHeader\\0addresses\\\";a:1:{i:0;O:30:\\\"Symfony\\\\Component\\\\Mime\\\\Address\\\":2:{s:39:\\\"\\0Symfony\\\\Component\\\\Mime\\\\Address\\0address\\\";s:17:\\\"moomin@moomin.com\\\";s:36:\\\"\\0Symfony\\\\Component\\\\Mime\\\\Address\\0name\\\";s:0:\\\"\\\";}}}}s:7:\\\"subject\\\";a:1:{i:0;O:48:\\\"Symfony\\\\Component\\\\Mime\\\\Header\\\\UnstructuredHeader\\\":5:{s:50:\\\"\\0Symfony\\\\Component\\\\Mime\\\\Header\\\\AbstractHeader\\0name\\\";s:7:\\\"Subject\\\";s:56:\\\"\\0Symfony\\\\Component\\\\Mime\\\\Header\\\\AbstractHeader\\0lineLength\\\";i:76;s:50:\\\"\\0Symfony\\\\Component\\\\Mime\\\\Header\\\\AbstractHeader\\0lang\\\";N;s:53:\\\"\\0Symfony\\\\Component\\\\Mime\\\\Header\\\\AbstractHeader\\0charset\\\";s:5:\\\"utf-8\\\";s:55:\\\"\\0Symfony\\\\Component\\\\Mime\\\\Header\\\\UnstructuredHeader\\0value\\\";s:25:\\\"Please Confirm your Email\\\";}}}s:49:\\\"\\0Symfony\\\\Component\\\\Mime\\\\Header\\\\Headers\\0lineLength\\\";i:76;}i:1;N;}}i:4;N;}s:61:\\\"\\0Symfony\\\\Component\\\\Mailer\\\\Messenger\\\\SendEmailMessage\\0envelope\\\";N;}}', '[]', 'default', '2024-04-04 10:02:38', '2024-04-04 10:02:38', NULL),
(16, 'O:36:\\\"Symfony\\\\Component\\\\Messenger\\\\Envelope\\\":2:{s:44:\\\"\\0Symfony\\\\Component\\\\Messenger\\\\Envelope\\0stamps\\\";a:1:{s:46:\\\"Symfony\\\\Component\\\\Messenger\\\\Stamp\\\\BusNameStamp\\\";a:1:{i:0;O:46:\\\"Symfony\\\\Component\\\\Messenger\\\\Stamp\\\\BusNameStamp\\\":1:{s:55:\\\"\\0Symfony\\\\Component\\\\Messenger\\\\Stamp\\\\BusNameStamp\\0busName\\\";s:21:\\\"messenger.bus.default\\\";}}}s:45:\\\"\\0Symfony\\\\Component\\\\Messenger\\\\Envelope\\0message\\\";O:51:\\\"Symfony\\\\Component\\\\Mailer\\\\Messenger\\\\SendEmailMessage\\\":2:{s:60:\\\"\\0Symfony\\\\Component\\\\Mailer\\\\Messenger\\\\SendEmailMessage\\0message\\\";O:39:\\\"Symfony\\\\Bridge\\\\Twig\\\\Mime\\\\TemplatedEmail\\\":5:{i:0;s:41:\\\"registration/confirmation_email.html.twig\\\";i:1;N;i:2;a:3:{s:9:\\\"signedUrl\\\";s:163:\\\"http://127.0.0.1:8000/verify/email?expires=1712234621&signature=Y8vx4mERwzF6DvP0nmUCbx1TyLmpifzuLW6oRQ1oE5I%3D&token=EMkQiG0Cqsx1ChPIkuZvorSmYbc7X5ls95zt7kk6pVU%3D\\\";s:19:\\\"expiresAtMessageKey\\\";s:26:\\\"%count% hour|%count% hours\\\";s:20:\\\"expiresAtMessageData\\\";a:1:{s:7:\\\"%count%\\\";i:1;}}i:3;a:6:{i:0;N;i:1;N;i:2;N;i:3;N;i:4;a:0:{}i:5;a:2:{i:0;O:37:\\\"Symfony\\\\Component\\\\Mime\\\\Header\\\\Headers\\\":2:{s:46:\\\"\\0Symfony\\\\Component\\\\Mime\\\\Header\\\\Headers\\0headers\\\";a:3:{s:4:\\\"from\\\";a:1:{i:0;O:47:\\\"Symfony\\\\Component\\\\Mime\\\\Header\\\\MailboxListHeader\\\":5:{s:50:\\\"\\0Symfony\\\\Component\\\\Mime\\\\Header\\\\AbstractHeader\\0name\\\";s:4:\\\"From\\\";s:56:\\\"\\0Symfony\\\\Component\\\\Mime\\\\Header\\\\AbstractHeader\\0lineLength\\\";i:76;s:50:\\\"\\0Symfony\\\\Component\\\\Mime\\\\Header\\\\AbstractHeader\\0lang\\\";N;s:53:\\\"\\0Symfony\\\\Component\\\\Mime\\\\Header\\\\AbstractHeader\\0charset\\\";s:5:\\\"utf-8\\\";s:58:\\\"\\0Symfony\\\\Component\\\\Mime\\\\Header\\\\MailboxListHeader\\0addresses\\\";a:1:{i:0;O:30:\\\"Symfony\\\\Component\\\\Mime\\\\Address\\\":2:{s:39:\\\"\\0Symfony\\\\Component\\\\Mime\\\\Address\\0address\\\";s:23:\\\"surikatstudio@gmail.com\\\";s:36:\\\"\\0Symfony\\\\Component\\\\Mime\\\\Address\\0name\\\";s:14:\\\"Surikat Studio\\\";}}}}s:2:\\\"to\\\";a:1:{i:0;O:47:\\\"Symfony\\\\Component\\\\Mime\\\\Header\\\\MailboxListHeader\\\":5:{s:50:\\\"\\0Symfony\\\\Component\\\\Mime\\\\Header\\\\AbstractHeader\\0name\\\";s:2:\\\"To\\\";s:56:\\\"\\0Symfony\\\\Component\\\\Mime\\\\Header\\\\AbstractHeader\\0lineLength\\\";i:76;s:50:\\\"\\0Symfony\\\\Component\\\\Mime\\\\Header\\\\AbstractHeader\\0lang\\\";N;s:53:\\\"\\0Symfony\\\\Component\\\\Mime\\\\Header\\\\AbstractHeader\\0charset\\\";s:5:\\\"utf-8\\\";s:58:\\\"\\0Symfony\\\\Component\\\\Mime\\\\Header\\\\MailboxListHeader\\0addresses\\\";a:1:{i:0;O:30:\\\"Symfony\\\\Component\\\\Mime\\\\Address\\\":2:{s:39:\\\"\\0Symfony\\\\Component\\\\Mime\\\\Address\\0address\\\";s:21:\\\"register@register.com\\\";s:36:\\\"\\0Symfony\\\\Component\\\\Mime\\\\Address\\0name\\\";s:0:\\\"\\\";}}}}s:7:\\\"subject\\\";a:1:{i:0;O:48:\\\"Symfony\\\\Component\\\\Mime\\\\Header\\\\UnstructuredHeader\\\":5:{s:50:\\\"\\0Symfony\\\\Component\\\\Mime\\\\Header\\\\AbstractHeader\\0name\\\";s:7:\\\"Subject\\\";s:56:\\\"\\0Symfony\\\\Component\\\\Mime\\\\Header\\\\AbstractHeader\\0lineLength\\\";i:76;s:50:\\\"\\0Symfony\\\\Component\\\\Mime\\\\Header\\\\AbstractHeader\\0lang\\\";N;s:53:\\\"\\0Symfony\\\\Component\\\\Mime\\\\Header\\\\AbstractHeader\\0charset\\\";s:5:\\\"utf-8\\\";s:55:\\\"\\0Symfony\\\\Component\\\\Mime\\\\Header\\\\UnstructuredHeader\\0value\\\";s:25:\\\"Please Confirm your Email\\\";}}}s:49:\\\"\\0Symfony\\\\Component\\\\Mime\\\\Header\\\\Headers\\0lineLength\\\";i:76;}i:1;N;}}i:4;N;}s:61:\\\"\\0Symfony\\\\Component\\\\Mailer\\\\Messenger\\\\SendEmailMessage\\0envelope\\\";N;}}', '[]', 'default', '2024-04-04 11:43:41', '2024-04-04 11:43:41', NULL),
(17, 'O:36:\\\"Symfony\\\\Component\\\\Messenger\\\\Envelope\\\":2:{s:44:\\\"\\0Symfony\\\\Component\\\\Messenger\\\\Envelope\\0stamps\\\";a:1:{s:46:\\\"Symfony\\\\Component\\\\Messenger\\\\Stamp\\\\BusNameStamp\\\";a:1:{i:0;O:46:\\\"Symfony\\\\Component\\\\Messenger\\\\Stamp\\\\BusNameStamp\\\":1:{s:55:\\\"\\0Symfony\\\\Component\\\\Messenger\\\\Stamp\\\\BusNameStamp\\0busName\\\";s:21:\\\"messenger.bus.default\\\";}}}s:45:\\\"\\0Symfony\\\\Component\\\\Messenger\\\\Envelope\\0message\\\";O:51:\\\"Symfony\\\\Component\\\\Mailer\\\\Messenger\\\\SendEmailMessage\\\":2:{s:60:\\\"\\0Symfony\\\\Component\\\\Mailer\\\\Messenger\\\\SendEmailMessage\\0message\\\";O:39:\\\"Symfony\\\\Bridge\\\\Twig\\\\Mime\\\\TemplatedEmail\\\":5:{i:0;s:41:\\\"registration/confirmation_email.html.twig\\\";i:1;N;i:2;a:3:{s:9:\\\"signedUrl\\\";s:169:\\\"http://127.0.0.1:8000/verify/email?expires=1712237061&signature=V9dAME3DoS0I%2BDjbjEtF%2B1ifMQYzzWBy0No7q6%2Fwn80%3D&token=VQ88tceg2olUEFR5QaZnqrUoWuAlxRQ8jWO1izzcr8Q%3D\\\";s:19:\\\"expiresAtMessageKey\\\";s:26:\\\"%count% hour|%count% hours\\\";s:20:\\\"expiresAtMessageData\\\";a:1:{s:7:\\\"%count%\\\";i:1;}}i:3;a:6:{i:0;N;i:1;N;i:2;N;i:3;N;i:4;a:0:{}i:5;a:2:{i:0;O:37:\\\"Symfony\\\\Component\\\\Mime\\\\Header\\\\Headers\\\":2:{s:46:\\\"\\0Symfony\\\\Component\\\\Mime\\\\Header\\\\Headers\\0headers\\\";a:3:{s:4:\\\"from\\\";a:1:{i:0;O:47:\\\"Symfony\\\\Component\\\\Mime\\\\Header\\\\MailboxListHeader\\\":5:{s:50:\\\"\\0Symfony\\\\Component\\\\Mime\\\\Header\\\\AbstractHeader\\0name\\\";s:4:\\\"From\\\";s:56:\\\"\\0Symfony\\\\Component\\\\Mime\\\\Header\\\\AbstractHeader\\0lineLength\\\";i:76;s:50:\\\"\\0Symfony\\\\Component\\\\Mime\\\\Header\\\\AbstractHeader\\0lang\\\";N;s:53:\\\"\\0Symfony\\\\Component\\\\Mime\\\\Header\\\\AbstractHeader\\0charset\\\";s:5:\\\"utf-8\\\";s:58:\\\"\\0Symfony\\\\Component\\\\Mime\\\\Header\\\\MailboxListHeader\\0addresses\\\";a:1:{i:0;O:30:\\\"Symfony\\\\Component\\\\Mime\\\\Address\\\":2:{s:39:\\\"\\0Symfony\\\\Component\\\\Mime\\\\Address\\0address\\\";s:23:\\\"surikatstudio@gmail.com\\\";s:36:\\\"\\0Symfony\\\\Component\\\\Mime\\\\Address\\0name\\\";s:14:\\\"Surikat Studio\\\";}}}}s:2:\\\"to\\\";a:1:{i:0;O:47:\\\"Symfony\\\\Component\\\\Mime\\\\Header\\\\MailboxListHeader\\\":5:{s:50:\\\"\\0Symfony\\\\Component\\\\Mime\\\\Header\\\\AbstractHeader\\0name\\\";s:2:\\\"To\\\";s:56:\\\"\\0Symfony\\\\Component\\\\Mime\\\\Header\\\\AbstractHeader\\0lineLength\\\";i:76;s:50:\\\"\\0Symfony\\\\Component\\\\Mime\\\\Header\\\\AbstractHeader\\0lang\\\";N;s:53:\\\"\\0Symfony\\\\Component\\\\Mime\\\\Header\\\\AbstractHeader\\0charset\\\";s:5:\\\"utf-8\\\";s:58:\\\"\\0Symfony\\\\Component\\\\Mime\\\\Header\\\\MailboxListHeader\\0addresses\\\";a:1:{i:0;O:30:\\\"Symfony\\\\Component\\\\Mime\\\\Address\\\":2:{s:39:\\\"\\0Symfony\\\\Component\\\\Mime\\\\Address\\0address\\\";s:15:\\\"admin@admin.com\\\";s:36:\\\"\\0Symfony\\\\Component\\\\Mime\\\\Address\\0name\\\";s:0:\\\"\\\";}}}}s:7:\\\"subject\\\";a:1:{i:0;O:48:\\\"Symfony\\\\Component\\\\Mime\\\\Header\\\\UnstructuredHeader\\\":5:{s:50:\\\"\\0Symfony\\\\Component\\\\Mime\\\\Header\\\\AbstractHeader\\0name\\\";s:7:\\\"Subject\\\";s:56:\\\"\\0Symfony\\\\Component\\\\Mime\\\\Header\\\\AbstractHeader\\0lineLength\\\";i:76;s:50:\\\"\\0Symfony\\\\Component\\\\Mime\\\\Header\\\\AbstractHeader\\0lang\\\";N;s:53:\\\"\\0Symfony\\\\Component\\\\Mime\\\\Header\\\\AbstractHeader\\0charset\\\";s:5:\\\"utf-8\\\";s:55:\\\"\\0Symfony\\\\Component\\\\Mime\\\\Header\\\\UnstructuredHeader\\0value\\\";s:25:\\\"Please Confirm your Email\\\";}}}s:49:\\\"\\0Symfony\\\\Component\\\\Mime\\\\Header\\\\Headers\\0lineLength\\\";i:76;}i:1;N;}}i:4;N;}s:61:\\\"\\0Symfony\\\\Component\\\\Mailer\\\\Messenger\\\\SendEmailMessage\\0envelope\\\";N;}}', '[]', 'default', '2024-04-04 12:24:21', '2024-04-04 12:24:21', NULL),
(18, 'O:36:\\\"Symfony\\\\Component\\\\Messenger\\\\Envelope\\\":2:{s:44:\\\"\\0Symfony\\\\Component\\\\Messenger\\\\Envelope\\0stamps\\\";a:1:{s:46:\\\"Symfony\\\\Component\\\\Messenger\\\\Stamp\\\\BusNameStamp\\\";a:1:{i:0;O:46:\\\"Symfony\\\\Component\\\\Messenger\\\\Stamp\\\\BusNameStamp\\\":1:{s:55:\\\"\\0Symfony\\\\Component\\\\Messenger\\\\Stamp\\\\BusNameStamp\\0busName\\\";s:21:\\\"messenger.bus.default\\\";}}}s:45:\\\"\\0Symfony\\\\Component\\\\Messenger\\\\Envelope\\0message\\\";O:51:\\\"Symfony\\\\Component\\\\Mailer\\\\Messenger\\\\SendEmailMessage\\\":2:{s:60:\\\"\\0Symfony\\\\Component\\\\Mailer\\\\Messenger\\\\SendEmailMessage\\0message\\\";O:39:\\\"Symfony\\\\Bridge\\\\Twig\\\\Mime\\\\TemplatedEmail\\\":5:{i:0;s:41:\\\"registration/confirmation_email.html.twig\\\";i:1;N;i:2;a:3:{s:9:\\\"signedUrl\\\";s:169:\\\"http://127.0.0.1:8000/verify/email?expires=1712237201&signature=I9EOrXwKieGY0HIp5t2m2EyIz%2BAxbuYJwUGX4IPEx%2F0%3D&token=CrDt9M3WwkgK3qiuW1rpbX%2FjS3v9ME7E2IM5xheqwzc%3D\\\";s:19:\\\"expiresAtMessageKey\\\";s:26:\\\"%count% hour|%count% hours\\\";s:20:\\\"expiresAtMessageData\\\";a:1:{s:7:\\\"%count%\\\";i:1;}}i:3;a:6:{i:0;N;i:1;N;i:2;N;i:3;N;i:4;a:0:{}i:5;a:2:{i:0;O:37:\\\"Symfony\\\\Component\\\\Mime\\\\Header\\\\Headers\\\":2:{s:46:\\\"\\0Symfony\\\\Component\\\\Mime\\\\Header\\\\Headers\\0headers\\\";a:3:{s:4:\\\"from\\\";a:1:{i:0;O:47:\\\"Symfony\\\\Component\\\\Mime\\\\Header\\\\MailboxListHeader\\\":5:{s:50:\\\"\\0Symfony\\\\Component\\\\Mime\\\\Header\\\\AbstractHeader\\0name\\\";s:4:\\\"From\\\";s:56:\\\"\\0Symfony\\\\Component\\\\Mime\\\\Header\\\\AbstractHeader\\0lineLength\\\";i:76;s:50:\\\"\\0Symfony\\\\Component\\\\Mime\\\\Header\\\\AbstractHeader\\0lang\\\";N;s:53:\\\"\\0Symfony\\\\Component\\\\Mime\\\\Header\\\\AbstractHeader\\0charset\\\";s:5:\\\"utf-8\\\";s:58:\\\"\\0Symfony\\\\Component\\\\Mime\\\\Header\\\\MailboxListHeader\\0addresses\\\";a:1:{i:0;O:30:\\\"Symfony\\\\Component\\\\Mime\\\\Address\\\":2:{s:39:\\\"\\0Symfony\\\\Component\\\\Mime\\\\Address\\0address\\\";s:23:\\\"surikatstudio@gmail.com\\\";s:36:\\\"\\0Symfony\\\\Component\\\\Mime\\\\Address\\0name\\\";s:14:\\\"Surikat Studio\\\";}}}}s:2:\\\"to\\\";a:1:{i:0;O:47:\\\"Symfony\\\\Component\\\\Mime\\\\Header\\\\MailboxListHeader\\\":5:{s:50:\\\"\\0Symfony\\\\Component\\\\Mime\\\\Header\\\\AbstractHeader\\0name\\\";s:2:\\\"To\\\";s:56:\\\"\\0Symfony\\\\Component\\\\Mime\\\\Header\\\\AbstractHeader\\0lineLength\\\";i:76;s:50:\\\"\\0Symfony\\\\Component\\\\Mime\\\\Header\\\\AbstractHeader\\0lang\\\";N;s:53:\\\"\\0Symfony\\\\Component\\\\Mime\\\\Header\\\\AbstractHeader\\0charset\\\";s:5:\\\"utf-8\\\";s:58:\\\"\\0Symfony\\\\Component\\\\Mime\\\\Header\\\\MailboxListHeader\\0addresses\\\";a:1:{i:0;O:30:\\\"Symfony\\\\Component\\\\Mime\\\\Address\\\":2:{s:39:\\\"\\0Symfony\\\\Component\\\\Mime\\\\Address\\0address\\\";s:19:\\\"adamass@adamass.com\\\";s:36:\\\"\\0Symfony\\\\Component\\\\Mime\\\\Address\\0name\\\";s:0:\\\"\\\";}}}}s:7:\\\"subject\\\";a:1:{i:0;O:48:\\\"Symfony\\\\Component\\\\Mime\\\\Header\\\\UnstructuredHeader\\\":5:{s:50:\\\"\\0Symfony\\\\Component\\\\Mime\\\\Header\\\\AbstractHeader\\0name\\\";s:7:\\\"Subject\\\";s:56:\\\"\\0Symfony\\\\Component\\\\Mime\\\\Header\\\\AbstractHeader\\0lineLength\\\";i:76;s:50:\\\"\\0Symfony\\\\Component\\\\Mime\\\\Header\\\\AbstractHeader\\0lang\\\";N;s:53:\\\"\\0Symfony\\\\Component\\\\Mime\\\\Header\\\\AbstractHeader\\0charset\\\";s:5:\\\"utf-8\\\";s:55:\\\"\\0Symfony\\\\Component\\\\Mime\\\\Header\\\\UnstructuredHeader\\0value\\\";s:25:\\\"Please Confirm your Email\\\";}}}s:49:\\\"\\0Symfony\\\\Component\\\\Mime\\\\Header\\\\Headers\\0lineLength\\\";i:76;}i:1;N;}}i:4;N;}s:61:\\\"\\0Symfony\\\\Component\\\\Mailer\\\\Messenger\\\\SendEmailMessage\\0envelope\\\";N;}}', '[]', 'default', '2024-04-04 12:26:41', '2024-04-04 12:26:41', NULL);

-- --------------------------------------------------------

--
-- Structure de la table `post`
--

CREATE TABLE `post` (
  `id` int(11) NOT NULL,
  `author_id` int(11) DEFAULT NULL,
  `title` varchar(255) NOT NULL,
  `content` longtext DEFAULT NULL,
  `published` tinyint(1) NOT NULL,
  `created_at` datetime NOT NULL COMMENT '(DC2Type:datetime_immutable)',
  `modified_at` datetime NOT NULL,
  `slug` varchar(255) NOT NULL,
  `img_id` int(11) DEFAULT NULL
) ENGINE=InnoDB DEFAULT CHARSET=utf8mb4 COLLATE=utf8mb4_unicode_ci;

--
-- Déchargement des données de la table `post`
--

INSERT INTO `post` (`id`, `author_id`, `title`, `content`, `published`, `created_at`, `modified_at`, `slug`, `img_id`) VALUES
(2765, 95, 'nmuMcSHjId', 'bIATrngYzDGyJwlVNHdc', 1, '2024-04-04 16:24:34', '2024-04-04 16:24:34', 'nmuMcSHjId', 2836),
(2766, 95, 'PFSpvfwNeY', 'CeghOdKYPmBAsGcpnSaN', 1, '2024-04-04 16:24:34', '2024-04-04 16:24:34', 'PFSpvfwNeY', 2837),
(2767, 95, 'PNhuKpRXfT', 'VlfbxAvqLTDtXjprmkYW', 1, '2024-04-04 16:24:34', '2024-04-04 16:24:34', 'PNhuKpRXfT', 2838),
(2768, 95, 'KpqrjMuxNG', 'PtCWxrbOcULdlJmjBanG', 1, '2024-04-04 16:24:34', '2024-04-04 16:24:34', 'KpqrjMuxNG', 2839),
(2769, 95, 'AonplbFcMz', 'NUokZWzQKbnSfVuFiCmD', 1, '2024-04-04 16:24:34', '2024-04-04 16:24:34', 'AonplbFcMz', 2840),
(2770, 95, 'hYGxbRIrnN', 'DvArqEnaCOmXxlWujoPz', 1, '2024-04-04 16:24:34', '2024-04-04 16:24:34', 'hYGxbRIrnN', 2841),
(2771, 95, 'cOJrwKUoWe', 'fsqNtLyBzPSEcrugalYC', 1, '2024-04-04 16:24:34', '2024-04-04 16:24:34', 'cOJrwKUoWe', 2842),
(2772, 95, 'YQryNsHaKW', 'azmWgPKsShyIQUtNbedw', 1, '2024-04-04 16:24:34', '2024-04-04 16:24:34', 'YQryNsHaKW', 2843),
(2773, 95, 'LfqzDmNRoW', 'FRBPSmqDgNoAyfMUbYZe', 1, '2024-04-04 16:24:34', '2024-04-04 16:24:34', 'LfqzDmNRoW', 2844),
(2774, 95, 'VhWrvpNbMx', 'TWkgtcdNQipaXRPyGSEC', 1, '2024-04-04 16:24:34', '2024-04-04 16:24:34', 'VhWrvpNbMx', 2845),
(2775, 95, 'jctsMUEuGO', 'LTfrECJZUaYmIqPOpxzG', 1, '2024-04-04 16:24:34', '2024-04-04 16:24:34', 'jctsMUEuGO', 2846),
(2776, 95, 'mCxvhJuWkO', 'xSmLBgEadXMAVJKelwbk', 1, '2024-04-04 16:24:34', '2024-04-04 16:24:34', 'mCxvhJuWkO', 2847),
(2777, 95, 'KXBnlWOaPS', 'oaqmNcKIrAdVeOtMJlWp', 1, '2024-04-04 16:24:34', '2024-04-04 16:24:34', 'KXBnlWOaPS', 2848),
(2778, 95, 'CYXSrOqfBw', 'UbVFBAOvStPouWaICKsf', 1, '2024-04-04 16:24:34', '2024-04-04 16:24:34', 'CYXSrOqfBw', 2849),
(2779, 95, 'EjQfYtIDyN', 'WxoIKSXLVHYsTzhUCypA', 1, '2024-04-04 16:24:34', '2024-04-04 16:24:34', 'EjQfYtIDyN', 2850),
(2780, 95, 'EtCkwgMDOn', 'QdFpMjeKNLZYEryvgIsS', 1, '2024-04-04 16:24:34', '2024-04-04 16:24:34', 'EtCkwgMDOn', 2851),
(2781, 95, 'ImqubsGnUB', 'hOgHrvaTBSQjYLVZKebJ', 1, '2024-04-04 16:24:34', '2024-04-04 16:24:34', 'ImqubsGnUB', 2852),
(2782, 95, 'XcEZbHgVDp', 'RxmUqFMSGXkKuybfWsCY', 1, '2024-04-04 16:24:34', '2024-04-04 16:24:34', 'XcEZbHgVDp', 2853),
(2783, 95, 'QhwNfZGMYx', 'iEIqLsyzruKTZpfOjblU', 1, '2024-04-04 16:24:34', '2024-04-04 16:24:34', 'QhwNfZGMYx', 2854),
(2784, 95, 'tRySzqjNZv', 'HFeTjRJmVWUfuspIxNyd', 1, '2024-04-04 16:24:34', '2024-04-04 16:24:34', 'tRySzqjNZv', 2855),
(2785, 95, 'jiNSHtpsgu', 'NRzvtspjXaCiueAnHhYV', 1, '2024-04-04 16:24:34', '2024-04-04 16:24:34', 'jiNSHtpsgu', 2856),
(2786, 95, 'ShfoPpTUEJ', 'GZaFsUYRyiwAndbVcfqx', 1, '2024-04-04 16:24:34', '2024-04-04 16:24:34', 'ShfoPpTUEJ', 2857),
(2787, 95, 'vgDxyhVIXA', 'heEPrFMVZnJYluAXpOsU', 1, '2024-04-04 16:24:34', '2024-04-04 16:24:34', 'vgDxyhVIXA', 2858),
(2788, 95, 'lpIvtnwFRb', 'HNrLxYGuthzRSXwWVipO', 1, '2024-04-04 16:24:34', '2024-04-04 16:24:34', 'lpIvtnwFRb', 2859),
(2789, 95, 'qndFbVthSm', 'NcxPqVlagdGSwpHuFZhk', 1, '2024-04-04 16:24:34', '2024-04-04 16:24:34', 'qndFbVthSm', 2860),
(2790, 95, 'LFxjEtURYw', 'JPDtlYqrQogSIhkfmwWj', 1, '2024-04-04 16:24:34', '2024-04-04 16:24:34', 'LFxjEtURYw', 2861),
(2791, 95, 'jKcWElmYrI', 'XJEwyQeLvPaugtKridWs', 1, '2024-04-04 16:24:34', '2024-04-04 16:24:34', 'jKcWElmYrI', 2862),
(2792, 95, 'vlUQCNJOLR', 'TNvReBmUkaQnEciWjXLt', 1, '2024-04-04 16:24:34', '2024-04-04 16:24:34', 'vlUQCNJOLR', 2863),
(2793, 95, 'CJeRbDzQnI', 'wWJsPTSVuROpdvohXKQY', 1, '2024-04-04 16:24:34', '2024-04-04 16:24:34', 'CJeRbDzQnI', 2864),
(2794, 95, 'cyOFWkTLpv', 'aWNuBsOZSUEVTyPDMGcd', 1, '2024-04-04 16:24:34', '2024-04-04 16:24:34', 'cyOFWkTLpv', 2865),
(2795, 95, 'sdHBxSPGDj', 'HjpUQVBhcDxISaZAzNby', 1, '2024-04-04 16:24:34', '2024-04-04 16:24:34', 'sdHBxSPGDj', 2866),
(2796, 95, 'cvOfuQbPhg', 'HjIKXETuwoiCSfUJycqb', 1, '2024-04-04 16:24:34', '2024-04-04 16:24:34', 'cvOfuQbPhg', 2867),
(2797, 95, 'pXuSDUGyCv', 'abjQiDZnvAuhkoYFgrJW', 1, '2024-04-04 16:24:34', '2024-04-04 16:24:34', 'pXuSDUGyCv', 2868),
(2798, 95, 'NFwUquJxGB', 'rfOJWdogBpcVYHvKjEUs', 1, '2024-04-04 16:24:34', '2024-04-04 16:24:34', 'NFwUquJxGB', 2869),
(2799, 95, 'idzxDXWZsh', 'UrAdYjGolFuhcELwpORK', 1, '2024-04-04 16:24:34', '2024-04-04 16:24:34', 'idzxDXWZsh', 2870),
(2800, 95, 'rqRUOxXpHo', 'EDyLouvhbtMsUBPGjRVp', 1, '2024-04-04 16:24:34', '2024-04-04 16:24:34', 'rqRUOxXpHo', 2871),
(2801, 95, 'vzLFYQhPqp', 'MPQzCKGsSLxpRokHtiTj', 1, '2024-04-04 16:24:34', '2024-04-04 16:24:34', 'vzLFYQhPqp', 2872),
(2802, 95, 'IplCSjHvcZ', 'KGxRnrFTDYsebjSfgBli', 1, '2024-04-04 16:24:34', '2024-04-04 16:24:34', 'IplCSjHvcZ', 2873),
(2803, 95, 'DybHNopQGq', 'wHndXZcRKMxeBlNEPsUf', 1, '2024-04-04 16:24:34', '2024-04-04 16:24:34', 'DybHNopQGq', 2874),
(2804, 95, 'fonHFlkgCZ', 'zdUGQesRZtBubfokEHMn', 1, '2024-04-04 16:24:34', '2024-04-04 16:24:34', 'fonHFlkgCZ', 2875),
(2805, 95, 'zjJgDlWYnQ', 'VKJqhagRkyUoGztMXZHe', 1, '2024-04-04 16:24:34', '2024-04-04 16:24:34', 'zjJgDlWYnQ', 2876),
(2806, 95, 'XsNeYxTyKi', 'ErunoGiKCFjvOyhAwIWT', 1, '2024-04-04 16:24:34', '2024-04-04 16:24:34', 'XsNeYxTyKi', 2877),
(2807, 95, 'ZqaiDFbSEf', 'hTHRlySLuWiJPCIQFkqY', 1, '2024-04-04 16:24:34', '2024-04-04 16:24:34', 'ZqaiDFbSEf', 2878),
(2808, 95, 'fyIhjPnGCO', 'kAoEPHpjGOrFlZNuRgCV', 1, '2024-04-04 16:24:34', '2024-04-04 16:24:34', 'fyIhjPnGCO', 2879),
(2809, 95, 'wEmlgFUuCZ', 'MErmueNVWacnSXvsoZDQ', 1, '2024-04-04 16:24:34', '2024-04-04 16:24:34', 'wEmlgFUuCZ', 2880),
(2810, 95, 'dqLSUufGKY', 'zICkUshGVxgDtmjKaAbQ', 1, '2024-04-04 16:24:34', '2024-04-04 16:24:34', 'dqLSUufGKY', 2881),
(2811, 95, 'DwubvoMWIh', 'XumjktCNyIbYMHdlxpwh', 1, '2024-04-04 16:24:34', '2024-04-04 16:24:34', 'DwubvoMWIh', 2882),
(2812, 95, 'uwTWbBEUZY', 'OzUfyEinQcMDJbsXmvpl', 1, '2024-04-04 16:24:34', '2024-04-04 16:24:34', 'uwTWbBEUZY', 2883),
(2813, 95, 'CZYhmTiKEO', 'HijMFBQEPtRJSKqDXbws', 1, '2024-04-04 16:24:34', '2024-04-04 16:24:34', 'CZYhmTiKEO', 2884),
(2814, 95, 'KaBLPHJpUu', 'wCyHMFvmoaQcSTVgLONl', 1, '2024-04-04 16:24:34', '2024-04-04 16:24:34', 'KaBLPHJpUu', 2885),
(2815, 95, 'VbTowDrpsB', 'iAvODKmcLZJCMIdFebfG', 1, '2024-04-04 16:24:34', '2024-04-04 16:24:34', 'VbTowDrpsB', 2886),
(2816, 95, 'LQfkzroYiv', 'ceBtZijxlQbkDsduXUpP', 1, '2024-04-04 16:24:34', '2024-04-04 16:24:34', 'LQfkzroYiv', 2887),
(2817, 95, 'SIpvWmPTqH', 'zqCITxAcgdknpoiJWurf', 1, '2024-04-04 16:24:34', '2024-04-04 16:24:34', 'SIpvWmPTqH', 2888),
(2818, 95, 'tWZXLIwkjY', 'sibmHCGtqnvypYShAxgB', 1, '2024-04-04 16:24:34', '2024-04-04 16:24:34', 'tWZXLIwkjY', 2889),
(2819, 95, 'kEHcFvRPIl', 'QXBSKMsLzTaNADCFGrvu', 1, '2024-04-04 16:24:34', '2024-04-04 16:24:34', 'kEHcFvRPIl', 2890),
(2820, 95, 'IsWQSuVeyd', 'yfIhxiovMmrOgZETJucC', 1, '2024-04-04 16:24:34', '2024-04-04 16:24:34', 'IsWQSuVeyd', 2891),
(2821, 95, 'uWvbFUIPrE', 'rSgkmvsqXUMNpPTBaRnK', 1, '2024-04-04 16:24:34', '2024-04-04 16:24:34', 'uWvbFUIPrE', 2892),
(2822, 95, 'NuElZvhmJT', 'JlWNAkongwDLYFdmSuOb', 1, '2024-04-04 16:24:34', '2024-04-04 16:24:34', 'NuElZvhmJT', 2893),
(2823, 95, 'WKastBcNDu', 'wcprIvextPBNkfMDCgQd', 1, '2024-04-04 16:24:34', '2024-04-04 16:24:34', 'WKastBcNDu', 2894),
(2824, 95, 'gfOPoxZJGL', 'wIxGpSQguBJMnvzZFTkh', 1, '2024-04-04 16:24:34', '2024-04-04 16:24:34', 'gfOPoxZJGL', 2895),
(2825, 95, 'ciQSNzorAB', 'YBnPiJcMAtbLuwNXrozI', 1, '2024-04-04 16:24:34', '2024-04-04 16:24:34', 'ciQSNzorAB', 2896),
(2826, 95, 'QvyAdzjMBx', 'FWrlQSxhJpOgqdyeziBI', 1, '2024-04-04 16:24:34', '2024-04-04 16:24:34', 'QvyAdzjMBx', 2897),
(2827, 95, 'wVbNsGRCWA', 'MDXoHjAGupikKUeYhbqL', 1, '2024-04-04 16:24:34', '2024-04-04 16:24:34', 'wVbNsGRCWA', 2898),
(2828, 95, 'QrHGUyJaZL', 'UsMvLkrjKaNuJOibcGSg', 1, '2024-04-04 16:24:34', '2024-04-04 16:24:34', 'QrHGUyJaZL', 2899),
(2829, 95, 'zjgEVoRuyQ', 'zFlGAyDsYUogNMTZwbfq', 1, '2024-04-04 16:24:34', '2024-04-04 16:24:34', 'zjgEVoRuyQ', 2900),
(2830, 95, 'dNhvxKSVFt', 'UesKiCMgaNnvJLrHXyBA', 1, '2024-04-04 16:24:34', '2024-04-04 16:24:34', 'dNhvxKSVFt', 2901),
(2831, 95, 'vaLZIDYnzu', 'IjbwUKitPNVcTDmHkMnC', 1, '2024-04-04 16:24:34', '2024-04-04 16:24:34', 'vaLZIDYnzu', 2902),
(2832, 95, 'XWhFnSotCH', 'VMJpGScizOytouEXgPNd', 1, '2024-04-04 16:24:34', '2024-04-04 16:24:34', 'XWhFnSotCH', 2903),
(2833, 95, 'LXQtRlfOVE', 'qsITHUMAPOgkRvbnKpJB', 1, '2024-04-04 16:24:34', '2024-04-04 16:24:34', 'LXQtRlfOVE', 2904),
(2834, 95, 'emTwgacFLx', 'KckWnUiGJzjOltZCyeTF', 1, '2024-04-04 16:24:34', '2024-04-04 16:24:34', 'emTwgacFLx', 2905),
(2835, 95, 'WBxiHnJbeQ', 'CgmZaMGTNesidwBxFfHj', 1, '2024-04-04 16:24:34', '2024-04-04 16:24:34', 'WBxiHnJbeQ', 2906),
(2836, 95, 'OapiWZKBTG', 'bsmFECMirBLYjXfHRglI', 1, '2024-04-04 16:24:34', '2024-04-04 16:24:34', 'OapiWZKBTG', 2907),
(2837, 95, 'gdVUZxlite', 'QZaqPMfdsryJSuIVUbpw', 1, '2024-04-04 16:24:34', '2024-04-04 16:24:34', 'gdVUZxlite', 2908),
(2838, 95, 'ucRvbthHJP', 'VZKJsWfObiUrpaIBLkjn', 1, '2024-04-04 16:24:34', '2024-04-04 16:24:34', 'ucRvbthHJP', 2909),
(2839, 95, 'BpkhOvmVrP', 'YhsiqAuzMoyxNrfWOvHQ', 1, '2024-04-04 16:24:34', '2024-04-04 16:24:34', 'BpkhOvmVrP', 2910),
(2840, 95, 'OesZNgAFYt', 'YVmNdMPvCDXAxOkibSKZ', 1, '2024-04-04 16:24:34', '2024-04-04 16:24:34', 'OesZNgAFYt', 2911),
(2841, 95, 'KqetWSuJhY', 'AgKGUtOEpJTxeYCIlQyB', 1, '2024-04-04 16:24:34', '2024-04-04 16:24:34', 'KqetWSuJhY', 2912),
(2842, 95, 'rTiQFgdnPp', 'yjUWKftdPGuHMJkIwnDa', 1, '2024-04-04 16:24:34', '2024-04-04 16:24:34', 'rTiQFgdnPp', 2913),
(2843, 95, 'LPQxUcYXSO', 'TsLBANcHnJaIzDUwrfQu', 1, '2024-04-04 16:24:34', '2024-04-04 16:24:34', 'LPQxUcYXSO', 2914),
(2844, 95, 'XaDVsJOSPM', 'KTbleGDAFJSLIcyRmqCN', 1, '2024-04-04 16:24:34', '2024-04-04 16:24:34', 'XaDVsJOSPM', 2915),
(2845, 95, 'QFylZLpDBK', 'kOTlXUnMZoYuNFyhStjb', 1, '2024-04-04 16:24:34', '2024-04-04 16:24:34', 'QFylZLpDBK', 2916),
(2846, 95, 'ZYdOkyCare', 'WnXKYwgaCUMkeoApVtbi', 1, '2024-04-04 16:24:34', '2024-04-04 16:24:34', 'ZYdOkyCare', 2917),
(2847, 95, 'IieutYJCPX', 'WenmftUSqKxayDHuMEdc', 1, '2024-04-04 16:24:34', '2024-04-04 16:24:34', 'IieutYJCPX', 2918),
(2848, 95, 'oVwZebihCG', 'jZJGUYeorTdKgbCMhPAH', 1, '2024-04-04 16:24:34', '2024-04-04 16:24:34', 'oVwZebihCG', 2919),
(2849, 95, 'QSJvtEFdYu', 'SIOghHZbpqrixWfvaTtE', 1, '2024-04-04 16:24:34', '2024-04-04 16:24:34', 'QSJvtEFdYu', 2920),
(2850, 95, 'InOKtAsFwB', 'EsZoFbDqWSLXCymIMdPt', 1, '2024-04-04 16:24:34', '2024-04-04 16:24:34', 'InOKtAsFwB', 2921),
(2851, 95, 'SwDyfoCWgN', 'ikVqJNdaoEMcLgsYjueK', 1, '2024-04-04 16:24:34', '2024-04-04 16:24:34', 'SwDyfoCWgN', 2922),
(2852, 95, 'lthzxRHWYI', 'RbvSEcZBFkHlpOGieIUo', 1, '2024-04-04 16:24:34', '2024-04-04 16:24:34', 'lthzxRHWYI', 2923),
(2853, 95, 'bdfouEZhFe', 'JwngWQZjSlVXEAHDhYaf', 1, '2024-04-04 16:24:34', '2024-04-04 16:24:34', 'bdfouEZhFe', 2924),
(2854, 95, 'IwenFZolmt', 'fzerVwMZdKjcUOBqAymD', 1, '2024-04-04 16:24:34', '2024-04-04 16:24:34', 'IwenFZolmt', 2925),
(2855, 95, 'DWSmsxBUrb', 'dGPXOqnafJFwbzmigsVo', 1, '2024-04-04 16:24:34', '2024-04-04 16:24:34', 'DWSmsxBUrb', 2926),
(2856, 95, 'dRTWJbXwoS', 'nYRDiBvXFaQzmjdhKoUS', 1, '2024-04-04 16:24:34', '2024-04-04 16:24:34', 'dRTWJbXwoS', 2927),
(2857, 95, 'qDAUKxOhzc', 'okNYSxUAPaHyiRqvIcmK', 1, '2024-04-04 16:24:34', '2024-04-04 16:24:34', 'qDAUKxOhzc', 2928),
(2858, 95, 'CVRrEvujaZ', 'OUnpcHmtaADIMvTLfebu', 1, '2024-04-04 16:24:34', '2024-04-04 16:24:34', 'CVRrEvujaZ', 2929),
(2859, 95, 'gGsJZnoDWy', 'DVywdFmTXIRgsSBnruZp', 1, '2024-04-04 16:24:34', '2024-04-04 16:24:34', 'gGsJZnoDWy', 2930),
(2860, 95, 'XZmteCMDiu', 'PQvrVZkChNXHxzuejDUI', 1, '2024-04-04 16:24:34', '2024-04-04 16:24:34', 'XZmteCMDiu', 2931),
(2861, 95, 'ZzqdvfGQSE', 'NcTkuRxpbEALjYzvoZPh', 1, '2024-04-04 16:24:34', '2024-04-04 16:24:34', 'ZzqdvfGQSE', 2932),
(2862, 95, 'DcihIObslC', 'WnRcKXUAOqdHMVyPTGkw', 1, '2024-04-04 16:24:34', '2024-04-04 16:24:34', 'DcihIObslC', 2933),
(2863, 95, 'sqpLijdoel', 'eADlxZKUBNtCjYTEPLXv', 1, '2024-04-04 16:24:34', '2024-04-04 16:24:34', 'sqpLijdoel', 2934);

-- --------------------------------------------------------

--
-- Structure de la table `upload_file`
--

CREATE TABLE `upload_file` (
  `id` int(11) NOT NULL,
  `img` varchar(255) NOT NULL,
  `created_at` datetime NOT NULL COMMENT '(DC2Type:datetime_immutable)',
  `modified_at` datetime NOT NULL,
  `is_private` tinyint(1) NOT NULL
) ENGINE=InnoDB DEFAULT CHARSET=utf8mb4 COLLATE=utf8mb4_unicode_ci;

--
-- Déchargement des données de la table `upload_file`
--

INSERT INTO `upload_file` (`id`, `img`, `created_at`, `modified_at`, `is_private`) VALUES
(2832, 'boubou-660d2b177fff3.jpg', '2024-04-04 16:24:32', '2024-04-04 16:24:32', 0),
(2833, 'logo-editor-660d2ac394349.png', '2024-04-04 16:24:32', '2024-04-04 16:24:32', 0),
(2834, 'mountain-660d2d1da5610.jpg', '2024-04-04 16:24:32', '2024-04-04 16:24:32', 0),
(2835, 'plage-660d436e1b7dd.jpg', '2024-04-04 16:24:32', '2024-04-04 16:24:32', 0),
(2836, 'free-photo-of-bois-ville-paysage-vacances.jpeg', '2024-04-04 16:24:32', '2024-04-04 16:24:32', 0),
(2837, 'pexels-photo-4733657.jpeg', '2024-04-04 16:24:32', '2024-04-04 16:24:32', 0),
(2838, 'free-photo-of-animal-campagne-brun-marron.jpeg', '2024-04-04 16:24:32', '2024-04-04 16:24:32', 0),
(2839, 'pexels-photo-14261217.webp', '2024-04-04 16:24:32', '2024-04-04 16:24:32', 0),
(2840, 'pexels-photo-19889816.webp', '2024-04-04 16:24:32', '2024-04-04 16:24:32', 0),
(2841, 'free-photo-of-fleurs-paques-oeufs-fete.jpeg', '2024-04-04 16:24:32', '2024-04-04 16:24:32', 0),
(2842, 'pexels-photo-2210192.jpeg', '2024-04-04 16:24:32', '2024-04-04 16:24:32', 0),
(2843, 'free-photo-of-soleil-couchant-coucher-de-soleil-coucher-du-soleil-homme.jpeg', '2024-04-04 16:24:32', '2024-04-04 16:24:32', 0),
(2844, 'pexels-photo-14733525.jpeg', '2024-04-04 16:24:32', '2024-04-04 16:24:32', 0),
(2845, 'dragon4.jpg', '2024-04-04 16:24:32', '2024-04-04 16:24:32', 0),
(2846, 'pexels-photo-20720452.webp', '2024-04-04 16:24:32', '2024-04-04 16:24:32', 0),
(2847, 'pexels-photo-19960599.webp', '2024-04-04 16:24:32', '2024-04-04 16:24:32', 0),
(2848, 'pexels-photo-20211133.webp', '2024-04-04 16:24:32', '2024-04-04 16:24:32', 0),
(2849, 'free-photo-of-ensoleille-soleil-clairiere-terrain.jpeg', '2024-04-04 16:24:32', '2024-04-04 16:24:32', 0),
(2850, 'free-photo-of-detente-relaxation-clairiere-terrain.jpeg', '2024-04-04 16:24:32', '2024-04-04 16:24:32', 0),
(2851, 'pexels-photo-19126536.webp', '2024-04-04 16:24:32', '2024-04-04 16:24:32', 0),
(2852, 'free-photo-of-mer-noir-et-blanc-paysage-plage.jpeg', '2024-04-04 16:24:32', '2024-04-04 16:24:32', 0),
(2853, 'pexels-photo-20801057.webp', '2024-04-04 16:24:32', '2024-04-04 16:24:32', 0),
(2854, 'pexels-photo-3974517.webp', '2024-04-04 16:24:32', '2024-04-04 16:24:32', 0),
(2855, 'free-photo-of-ville-maisons-eau-batiments.jpeg', '2024-04-04 16:24:32', '2024-04-04 16:24:32', 0),
(2856, 'pexels-photo-572489.jpeg', '2024-04-04 16:24:32', '2024-04-04 16:24:32', 0),
(2857, 'pexels-photo-20582699.webp', '2024-04-04 16:24:32', '2024-04-04 16:24:32', 0),
(2858, 'pexels-photo-4200287.webp', '2024-04-04 16:24:32', '2024-04-04 16:24:32', 0),
(2859, 'pexels-photo-20211127.webp', '2024-04-04 16:24:32', '2024-04-04 16:24:32', 0),
(2860, 'pexels-photo-6966616.jpeg', '2024-04-04 16:24:32', '2024-04-04 16:24:32', 0),
(2861, 'pexels-photo-19967332.webp', '2024-04-04 16:24:32', '2024-04-04 16:24:32', 0),
(2862, 'free-photo-of-mer-paysage-plage-eau.jpeg', '2024-04-04 16:24:32', '2024-04-04 16:24:32', 0),
(2863, 'pexels-photo-7088756.jpeg', '2024-04-04 16:24:32', '2024-04-04 16:24:32', 0),
(2864, 'free-photo-of-mer-plage-art-eau.jpeg', '2024-04-04 16:24:32', '2024-04-04 16:24:32', 0),
(2865, 'free-photo-of-mer-femme-detente-relaxation.jpeg', '2024-04-04 16:24:32', '2024-04-04 16:24:32', 0),
(2866, 'free-photo-of-sain-nature-mode-femme.jpeg', '2024-04-04 16:24:32', '2024-04-04 16:24:32', 0),
(2867, 'pexels-photo-20548064.webp', '2024-04-04 16:24:32', '2024-04-04 16:24:32', 0),
(2868, 'free-photo-of-lumineux-leger-noir-et-blanc-ville3.jpeg', '2024-04-04 16:24:32', '2024-04-04 16:24:32', 0),
(2869, 'pexels-photo-5546102.jpeg', '2024-04-04 16:24:32', '2024-04-04 16:24:32', 0),
(2870, 'free-photo-of-homme-dehors-promenade-promenade-en-bois.jpeg', '2024-04-04 16:24:32', '2024-04-04 16:24:32', 0),
(2871, 'pexels-photo-6679623.jpeg', '2024-04-04 16:24:32', '2024-04-04 16:24:32', 0),
(2872, 'free-photo-of-explosion-de-couleur-expressionnisme-abstrait-des-couleurs-vives-tourbillons-abstraits.jpeg', '2024-04-04 16:24:32', '2024-04-04 16:24:32', 0),
(2873, 'free-photo-of-vacances-femme-detente-relaxation.jpeg', '2024-04-04 16:24:32', '2024-04-04 16:24:32', 0),
(2874, 'pexels-photo-8408541.webp', '2024-04-04 16:24:32', '2024-04-04 16:24:32', 0),
(2875, 'free-photo-of-bois-ville-route-gens.jpeg', '2024-04-04 16:24:32', '2024-04-04 16:24:32', 0),
(2876, 'free-photo-of-bois-route-aube-paysage.jpeg', '2024-04-04 16:24:32', '2024-04-04 16:24:32', 0),
(2877, 'dragon3.jpg', '2024-04-04 16:24:32', '2024-04-04 16:24:32', 0),
(2878, 'pexels-photo-20609660.webp', '2024-04-04 16:24:32', '2024-04-04 16:24:32', 0),
(2879, 'pexels-photo-20598967.webp', '2024-04-04 16:24:32', '2024-04-04 16:24:32', 0),
(2880, 'free-photo-of-noir-et-blanc-ville-art-rue.jpeg', '2024-04-04 16:24:32', '2024-04-04 16:24:32', 0),
(2881, 'pexels-photo-10122254.webp', '2024-04-04 16:24:32', '2024-04-04 16:24:32', 0),
(2882, 'pexels-photo-20574181.webp', '2024-04-04 16:24:32', '2024-04-04 16:24:32', 0),
(2883, 'pexels-photo-14608971.jpeg', '2024-04-04 16:24:32', '2024-04-04 16:24:32', 0),
(2884, 'free-photo-of-bois-mer-route-paysage.jpeg', '2024-04-04 16:24:32', '2024-04-04 16:24:32', 0),
(2885, 'free-photo-of-ensoleille-soleil-jardin-hiver.jpeg', '2024-04-04 16:24:32', '2024-04-04 16:24:32', 0),
(2886, 'pexels-photo-14132917.webp', '2024-04-04 16:24:32', '2024-04-04 16:24:32', 0),
(2887, 'pexels-photo-11962503.jpeg', '2024-04-04 16:24:32', '2024-04-04 16:24:32', 0),
(2888, 'free-photo-of-mer-ville-eau-building.jpeg', '2024-04-04 16:24:32', '2024-04-04 16:24:32', 0),
(2889, 'free-photo-of-femme-cafe-tasse-boire.jpeg', '2024-04-04 16:24:32', '2024-04-04 16:24:32', 0),
(2890, 'post.jpeg', '2024-04-04 16:24:32', '2024-04-04 16:24:32', 0),
(2891, 'free-photo-of-tournesol.jpeg', '2024-04-04 16:24:32', '2024-04-04 16:24:32', 0),
(2892, 'pexels-photo-18749703.webp', '2024-04-04 16:24:32', '2024-04-04 16:24:32', 0),
(2893, 'free-photo-of-mentir-danger-se-reposer-exotique.jpeg', '2024-04-04 16:24:32', '2024-04-04 16:24:32', 0),
(2894, 'pexels-photo-20722851.webp', '2024-04-04 16:24:32', '2024-04-04 16:24:32', 0),
(2895, 'pexels-photo-11113558.jpeg', '2024-04-04 16:24:32', '2024-04-04 16:24:32', 0),
(2896, 'pexels-photo-15625357.webp', '2024-04-04 16:24:32', '2024-04-04 16:24:32', 0),
(2897, 'pexels-photo-20608606.webp', '2024-04-04 16:24:32', '2024-04-04 16:24:32', 0),
(2898, 'free-photo-of-lumineux-leger-noir-et-blanc-ville2.jpeg', '2024-04-04 16:24:32', '2024-04-04 16:24:32', 0),
(2899, 'pexels-photo-13289844.webp', '2024-04-04 16:24:32', '2024-04-04 16:24:32', 0),
(2900, 'pexels-photo-16774962.webp', '2024-04-04 16:24:32', '2024-04-04 16:24:32', 0),
(2901, 'pexels-photo-6991569.jpeg', '2024-04-04 16:24:32', '2024-04-04 16:24:32', 0),
(2902, 'pexels-photo-11823968.jpeg', '2024-04-04 16:24:32', '2024-04-04 16:24:32', 0),
(2903, 'free-photo-of-jambes-detente-relaxation-chaussures.jpeg', '2024-04-04 16:24:32', '2024-04-04 16:24:32', 0),
(2904, 'free-photo-of-bois-lumineux-leger-paysage.jpeg', '2024-04-04 16:24:32', '2024-04-04 16:24:32', 0),
(2905, 'pexels-photo-20284640.webp', '2024-04-04 16:24:32', '2024-04-04 16:24:32', 0),
(2906, 'free-photo-of-sable-monument-desert-ciel-bleu.jpeg', '2024-04-04 16:24:32', '2024-04-04 16:24:32', 0),
(2907, 'free-photo-of-mer-nature-plage-vacances.jpeg', '2024-04-04 16:24:32', '2024-04-04 16:24:32', 0),
(2908, 'pexels-photo-20520466.webp', '2024-04-04 16:24:32', '2024-04-04 16:24:32', 0),
(2909, 'free-photo-of-route-paysage-homme-gens.jpeg', '2024-04-04 16:24:32', '2024-04-04 16:24:32', 0),
(2910, 'free-photo-of-ville-monument-pont-italie.jpeg', '2024-04-04 16:24:32', '2024-04-04 16:24:32', 0),
(2911, 'free-photo-of-femme-verre-robe-fenetres.jpeg', '2024-04-04 16:24:32', '2024-04-04 16:24:32', 0),
(2912, 'free-photo-of-en-regardant-la-mer.jpeg', '2024-04-04 16:24:32', '2024-04-04 16:24:32', 0),
(2913, 'free-photo-of-lumineux-leger-noir-et-blanc-ville.jpeg', '2024-04-04 16:24:32', '2024-04-04 16:24:32', 0),
(2914, 'pexels-photo-19791355.webp', '2024-04-04 16:24:32', '2024-04-04 16:24:32', 0),
(2915, 'pexels-photo-14602293.jpeg', '2024-04-04 16:24:32', '2024-04-04 16:24:32', 0),
(2916, 'free-photo-of-ville-gens-personnes-individus.jpeg', '2024-04-04 16:24:32', '2024-04-04 16:24:32', 0),
(2917, 'pexels-photo-3996242.webp', '2024-04-04 16:24:32', '2024-04-04 16:24:32', 0),
(2918, 'pexels-photo-7381200.webp', '2024-04-04 16:24:32', '2024-04-04 16:24:32', 0),
(2919, 'pexels-photo-14632859.jpeg', '2024-04-04 16:24:32', '2024-04-04 16:24:32', 0),
(2920, 'free-photo-of-mer-aube-soleil-couchant-coucher-de-soleil.jpeg', '2024-04-04 16:24:32', '2024-04-04 16:24:32', 0),
(2921, 'plage.jpeg', '2024-04-04 16:24:32', '2024-04-04 16:24:32', 0),
(2922, 'pexels-photo-14288495.jpeg', '2024-04-04 16:24:32', '2024-04-04 16:24:32', 0),
(2923, 'pexels-photo-10874333.webp', '2024-04-04 16:24:32', '2024-04-04 16:24:32', 0),
(2924, 'free-photo-of-nature-branches-tronc-centrale.jpeg', '2024-04-04 16:24:32', '2024-04-04 16:24:32', 0),
(2925, 'free-photo-of-bois-route-paysage-eau.jpeg', '2024-04-04 16:24:32', '2024-04-04 16:24:32', 0),
(2926, 'dragon1.jpg', '2024-04-04 16:24:32', '2024-04-04 16:24:32', 0),
(2927, 'pexels-photo-19109865.webp', '2024-04-04 16:24:32', '2024-04-04 16:24:32', 0),
(2928, 'plage-660d2ec3948de.jpg', '2024-04-04 16:24:32', '2024-04-04 16:24:32', 0),
(2929, 'free-photo-of-nature-jardin-parc-feuille.jpeg', '2024-04-04 16:24:32', '2024-04-04 16:24:32', 0),
(2930, 'free-photo-of-ville-building-batiment-immeuble.jpg', '2024-04-04 16:24:32', '2024-04-04 16:24:32', 0),
(2931, 'free-photo-of-mer-plage-rochers-cailloux.jpeg', '2024-04-04 16:24:32', '2024-04-04 16:24:32', 0),
(2932, 'free-photo-of-de-haut-en-bas-vers-l-est-de-new-york.jpeg', '2024-04-04 16:24:32', '2024-04-04 16:24:32', 0),
(2933, 'mountain.jpeg', '2024-04-04 16:24:32', '2024-04-04 16:24:32', 0),
(2934, 'mountain-660d2eb55edaa.jpg', '2024-04-04 16:24:32', '2024-04-04 16:24:32', 0);

-- --------------------------------------------------------

--
-- Structure de la table `user`
--

CREATE TABLE `user` (
  `id` int(11) NOT NULL,
  `username` varchar(255) NOT NULL,
  `email` varchar(180) NOT NULL,
  `roles` longtext CHARACTER SET utf8mb4 COLLATE utf8mb4_bin NOT NULL COMMENT '(DC2Type:json)' CHECK (json_valid(`roles`)),
  `password` varchar(255) NOT NULL,
  `is_verified` tinyint(1) NOT NULL,
  `avatar_id` int(11) DEFAULT NULL
) ENGINE=InnoDB DEFAULT CHARSET=utf8mb4 COLLATE=utf8mb4_unicode_ci;

--
-- Déchargement des données de la table `user`
--

INSERT INTO `user` (`id`, `username`, `email`, `roles`, `password`, `is_verified`, `avatar_id`) VALUES
(95, 'admin', 'admin@admin.com', '[\"ROLE_ADMIN\"]', '$2y$13$V70xt7GU45hNTG2VDAMv1e5LiTlHDJC.1blqxbRFxA4aCe0HtAIP2', 1, 2832),
(96, 'editor', 'editor@editor.com', '[\"ROLE_EDITOR\"]', '$2y$13$38tSFCEuXN/VNxx12eP0zu1vW5fSX.RC/x.q99h62t4iOJZrSiA3W', 1, 2833),
(97, 'user', 'user@user.com', '[\"ROLE_USER\"]', '$2y$13$W/t0mroNJgw5eNL4o4H0iOIOZFvo.vBCfNBXL7sJIQE8laUhf6t8y', 1, 2834),
(98, 'leboss', 'leboss@leboss.com', '[\"ROLE_ADMIN\"]', '$2y$13$bJPnBQXxNmnOLFz/ml.lfeFZPSSXAdITFie9p2WKcuKND6FLqlUUG', 1, 2835);

--
-- Index pour les tables déchargées
--

--
-- Index pour la table `doctrine_migration_versions`
--
ALTER TABLE `doctrine_migration_versions`
  ADD PRIMARY KEY (`version`);

--
-- Index pour la table `messenger_messages`
--
ALTER TABLE `messenger_messages`
  ADD PRIMARY KEY (`id`),
  ADD KEY `IDX_75EA56E0FB7336F0` (`queue_name`),
  ADD KEY `IDX_75EA56E0E3BD61CE` (`available_at`),
  ADD KEY `IDX_75EA56E016BA31DB` (`delivered_at`);

--
-- Index pour la table `post`
--
ALTER TABLE `post`
  ADD PRIMARY KEY (`id`),
  ADD UNIQUE KEY `UNIQ_5A8A6C8D989D9B62` (`slug`),
  ADD UNIQUE KEY `UNIQ_5A8A6C8D2B36786B` (`title`),
  ADD UNIQUE KEY `UNIQ_5A8A6C8DC06A9F55` (`img_id`),
  ADD KEY `IDX_5A8A6C8DF675F31B` (`author_id`);

--
-- Index pour la table `upload_file`
--
ALTER TABLE `upload_file`
  ADD PRIMARY KEY (`id`);

--
-- Index pour la table `user`
--
ALTER TABLE `user`
  ADD PRIMARY KEY (`id`),
  ADD UNIQUE KEY `UNIQ_IDENTIFIER_EMAIL` (`email`),
  ADD UNIQUE KEY `UNIQ_8D93D64986383B10` (`avatar_id`);

--
-- AUTO_INCREMENT pour les tables déchargées
--

--
-- AUTO_INCREMENT pour la table `messenger_messages`
--
ALTER TABLE `messenger_messages`
  MODIFY `id` bigint(20) NOT NULL AUTO_INCREMENT, AUTO_INCREMENT=19;

--
-- AUTO_INCREMENT pour la table `post`
--
ALTER TABLE `post`
  MODIFY `id` int(11) NOT NULL AUTO_INCREMENT, AUTO_INCREMENT=2864;

--
-- AUTO_INCREMENT pour la table `upload_file`
--
ALTER TABLE `upload_file`
  MODIFY `id` int(11) NOT NULL AUTO_INCREMENT, AUTO_INCREMENT=2935;

--
-- AUTO_INCREMENT pour la table `user`
--
ALTER TABLE `user`
  MODIFY `id` int(11) NOT NULL AUTO_INCREMENT, AUTO_INCREMENT=99;

--
-- Contraintes pour les tables déchargées
--

--
-- Contraintes pour la table `post`
--
ALTER TABLE `post`
  ADD CONSTRAINT `FK_5A8A6C8DC06A9F55` FOREIGN KEY (`img_id`) REFERENCES `upload_file` (`id`),
  ADD CONSTRAINT `FK_5A8A6C8DF675F31B` FOREIGN KEY (`author_id`) REFERENCES `user` (`id`);

--
-- Contraintes pour la table `user`
--
ALTER TABLE `user`
  ADD CONSTRAINT `FK_8D93D64986383B10` FOREIGN KEY (`avatar_id`) REFERENCES `upload_file` (`id`);
COMMIT;

/*!40101 SET CHARACTER_SET_CLIENT=@OLD_CHARACTER_SET_CLIENT */;
/*!40101 SET CHARACTER_SET_RESULTS=@OLD_CHARACTER_SET_RESULTS */;
/*!40101 SET COLLATION_CONNECTION=@OLD_COLLATION_CONNECTION */;
