-- phpMyAdmin SQL Dump
-- version 5.2.1
-- https://www.phpmyadmin.net/
--
-- Hôte : 127.0.0.1
-- Généré le : jeu. 04 avr. 2024 à 14:10
-- Version du serveur : 10.4.32-MariaDB
-- Version de PHP : 8.2.12

SET SQL_MODE = "NO_AUTO_VALUE_ON_ZERO";
START TRANSACTION;
SET time_zone = "+00:00";


/*!40101 SET @OLD_CHARACTER_SET_CLIENT=@@CHARACTER_SET_CLIENT */;
/*!40101 SET @OLD_CHARACTER_SET_RESULTS=@@CHARACTER_SET_RESULTS */;
/*!40101 SET @OLD_COLLATION_CONNECTION=@@COLLATION_CONNECTION */;
/*!40101 SET NAMES utf8mb4 */;

--
-- Base de données : `blog_app`
--

-- --------------------------------------------------------

--
-- Structure de la table `doctrine_migration_versions`
--

CREATE TABLE `doctrine_migration_versions` (
  `version` varchar(191) NOT NULL,
  `executed_at` datetime DEFAULT NULL,
  `execution_time` int(11) DEFAULT NULL
) ENGINE=InnoDB DEFAULT CHARSET=utf8 COLLATE=utf8_unicode_ci;

--
-- Déchargement des données de la table `doctrine_migration_versions`
--

INSERT INTO `doctrine_migration_versions` (`version`, `executed_at`, `execution_time`) VALUES
('DoctrineMigrations\\Version20240402125639', '2024-04-02 14:56:45', 7),
('DoctrineMigrations\\Version20240403074712', '2024-04-03 09:47:36', 53),
('DoctrineMigrations\\Version20240403075304', '2024-04-03 09:54:17', 8),
('DoctrineMigrations\\Version20240403080849', '2024-04-03 10:09:41', 55),
('DoctrineMigrations\\Version20240403094708', '2024-04-03 11:47:39', 62),
('DoctrineMigrations\\Version20240403141750', '2024-04-03 16:19:01', 20),
('DoctrineMigrations\\Version20240404113714', '2024-04-04 13:38:35', 31);

-- --------------------------------------------------------

--
-- Structure de la table `messenger_messages`
--

CREATE TABLE `messenger_messages` (
  `id` bigint(20) NOT NULL,
  `body` longtext NOT NULL,
  `headers` longtext NOT NULL,
  `queue_name` varchar(190) NOT NULL,
  `created_at` datetime NOT NULL COMMENT '(DC2Type:datetime_immutable)',
  `available_at` datetime NOT NULL COMMENT '(DC2Type:datetime_immutable)',
  `delivered_at` datetime DEFAULT NULL COMMENT '(DC2Type:datetime_immutable)'
) ENGINE=InnoDB DEFAULT CHARSET=utf8mb4 COLLATE=utf8mb4_unicode_ci;

--
-- Déchargement des données de la table `messenger_messages`
--

INSERT INTO `messenger_messages` (`id`, `body`, `headers`, `queue_name`, `created_at`, `available_at`, `delivered_at`) VALUES
(1, 'O:36:\\\"Symfony\\\\Component\\\\Messenger\\\\Envelope\\\":2:{s:44:\\\"\\0Symfony\\\\Component\\\\Messenger\\\\Envelope\\0stamps\\\";a:1:{s:46:\\\"Symfony\\\\Component\\\\Messenger\\\\Stamp\\\\BusNameStamp\\\";a:1:{i:0;O:46:\\\"Symfony\\\\Component\\\\Messenger\\\\Stamp\\\\BusNameStamp\\\":1:{s:55:\\\"\\0Symfony\\\\Component\\\\Messenger\\\\Stamp\\\\BusNameStamp\\0busName\\\";s:21:\\\"messenger.bus.default\\\";}}}s:45:\\\"\\0Symfony\\\\Component\\\\Messenger\\\\Envelope\\0message\\\";O:51:\\\"Symfony\\\\Component\\\\Mailer\\\\Messenger\\\\SendEmailMessage\\\":2:{s:60:\\\"\\0Symfony\\\\Component\\\\Mailer\\\\Messenger\\\\SendEmailMessage\\0message\\\";O:39:\\\"Symfony\\\\Bridge\\\\Twig\\\\Mime\\\\TemplatedEmail\\\":5:{i:0;s:41:\\\"registration/confirmation_email.html.twig\\\";i:1;N;i:2;a:3:{s:9:\\\"signedUrl\\\";s:167:\\\"http://127.0.0.1:8000/verify/email?expires=1711728253&signature=BQRf0lE%2BL6DFgQzWJsExBVztD4m%2BJkB9kyhQpxJNIB8%3D&token=dL2rfepe3wO7SCBXlGeFMzKFfH0lsFxbqat9LtbS4L8%3D\\\";s:19:\\\"expiresAtMessageKey\\\";s:26:\\\"%count% hour|%count% hours\\\";s:20:\\\"expiresAtMessageData\\\";a:1:{s:7:\\\"%count%\\\";i:1;}}i:3;a:6:{i:0;N;i:1;N;i:2;N;i:3;N;i:4;a:0:{}i:5;a:2:{i:0;O:37:\\\"Symfony\\\\Component\\\\Mime\\\\Header\\\\Headers\\\":2:{s:46:\\\"\\0Symfony\\\\Component\\\\Mime\\\\Header\\\\Headers\\0headers\\\";a:3:{s:4:\\\"from\\\";a:1:{i:0;O:47:\\\"Symfony\\\\Component\\\\Mime\\\\Header\\\\MailboxListHeader\\\":5:{s:50:\\\"\\0Symfony\\\\Component\\\\Mime\\\\Header\\\\AbstractHeader\\0name\\\";s:4:\\\"From\\\";s:56:\\\"\\0Symfony\\\\Component\\\\Mime\\\\Header\\\\AbstractHeader\\0lineLength\\\";i:76;s:50:\\\"\\0Symfony\\\\Component\\\\Mime\\\\Header\\\\AbstractHeader\\0lang\\\";N;s:53:\\\"\\0Symfony\\\\Component\\\\Mime\\\\Header\\\\AbstractHeader\\0charset\\\";s:5:\\\"utf-8\\\";s:58:\\\"\\0Symfony\\\\Component\\\\Mime\\\\Header\\\\MailboxListHeader\\0addresses\\\";a:1:{i:0;O:30:\\\"Symfony\\\\Component\\\\Mime\\\\Address\\\":2:{s:39:\\\"\\0Symfony\\\\Component\\\\Mime\\\\Address\\0address\\\";s:23:\\\"surikatstudio@gmail.com\\\";s:36:\\\"\\0Symfony\\\\Component\\\\Mime\\\\Address\\0name\\\";s:14:\\\"Surikat Studio\\\";}}}}s:2:\\\"to\\\";a:1:{i:0;O:47:\\\"Symfony\\\\Component\\\\Mime\\\\Header\\\\MailboxListHeader\\\":5:{s:50:\\\"\\0Symfony\\\\Component\\\\Mime\\\\Header\\\\AbstractHeader\\0name\\\";s:2:\\\"To\\\";s:56:\\\"\\0Symfony\\\\Component\\\\Mime\\\\Header\\\\AbstractHeader\\0lineLength\\\";i:76;s:50:\\\"\\0Symfony\\\\Component\\\\Mime\\\\Header\\\\AbstractHeader\\0lang\\\";N;s:53:\\\"\\0Symfony\\\\Component\\\\Mime\\\\Header\\\\AbstractHeader\\0charset\\\";s:5:\\\"utf-8\\\";s:58:\\\"\\0Symfony\\\\Component\\\\Mime\\\\Header\\\\MailboxListHeader\\0addresses\\\";a:1:{i:0;O:30:\\\"Symfony\\\\Component\\\\Mime\\\\Address\\\":2:{s:39:\\\"\\0Symfony\\\\Component\\\\Mime\\\\Address\\0address\\\";s:14:\\\"adam@adam.adam\\\";s:36:\\\"\\0Symfony\\\\Component\\\\Mime\\\\Address\\0name\\\";s:0:\\\"\\\";}}}}s:7:\\\"subject\\\";a:1:{i:0;O:48:\\\"Symfony\\\\Component\\\\Mime\\\\Header\\\\UnstructuredHeader\\\":5:{s:50:\\\"\\0Symfony\\\\Component\\\\Mime\\\\Header\\\\AbstractHeader\\0name\\\";s:7:\\\"Subject\\\";s:56:\\\"\\0Symfony\\\\Component\\\\Mime\\\\Header\\\\AbstractHeader\\0lineLength\\\";i:76;s:50:\\\"\\0Symfony\\\\Component\\\\Mime\\\\Header\\\\AbstractHeader\\0lang\\\";N;s:53:\\\"\\0Symfony\\\\Component\\\\Mime\\\\Header\\\\AbstractHeader\\0charset\\\";s:5:\\\"utf-8\\\";s:55:\\\"\\0Symfony\\\\Component\\\\Mime\\\\Header\\\\UnstructuredHeader\\0value\\\";s:25:\\\"Please Confirm your Email\\\";}}}s:49:\\\"\\0Symfony\\\\Component\\\\Mime\\\\Header\\\\Headers\\0lineLength\\\";i:76;}i:1;N;}}i:4;N;}s:61:\\\"\\0Symfony\\\\Component\\\\Mailer\\\\Messenger\\\\SendEmailMessage\\0envelope\\\";N;}}', '[]', 'default', '2024-03-29 15:04:13', '2024-03-29 15:04:13', NULL),
(2, 'O:36:\\\"Symfony\\\\Component\\\\Messenger\\\\Envelope\\\":2:{s:44:\\\"\\0Symfony\\\\Component\\\\Messenger\\\\Envelope\\0stamps\\\";a:1:{s:46:\\\"Symfony\\\\Component\\\\Messenger\\\\Stamp\\\\BusNameStamp\\\";a:1:{i:0;O:46:\\\"Symfony\\\\Component\\\\Messenger\\\\Stamp\\\\BusNameStamp\\\":1:{s:55:\\\"\\0Symfony\\\\Component\\\\Messenger\\\\Stamp\\\\BusNameStamp\\0busName\\\";s:21:\\\"messenger.bus.default\\\";}}}s:45:\\\"\\0Symfony\\\\Component\\\\Messenger\\\\Envelope\\0message\\\";O:51:\\\"Symfony\\\\Component\\\\Mailer\\\\Messenger\\\\SendEmailMessage\\\":2:{s:60:\\\"\\0Symfony\\\\Component\\\\Mailer\\\\Messenger\\\\SendEmailMessage\\0message\\\";O:39:\\\"Symfony\\\\Bridge\\\\Twig\\\\Mime\\\\TemplatedEmail\\\":5:{i:0;s:41:\\\"registration/confirmation_email.html.twig\\\";i:1;N;i:2;a:3:{s:9:\\\"signedUrl\\\";s:167:\\\"http://127.0.0.1:8000/verify/email?expires=1712067362&signature=bTyQQTeWSIFKU5G%2Fv8J55GYbeYSawEHrMVbnFkRap4c%3D&token=hEQ3x4HQVTldnMpioN%2BxtkbGtphMmPtqOo0MJWlWTT4%3D\\\";s:19:\\\"expiresAtMessageKey\\\";s:26:\\\"%count% hour|%count% hours\\\";s:20:\\\"expiresAtMessageData\\\";a:1:{s:7:\\\"%count%\\\";i:1;}}i:3;a:6:{i:0;N;i:1;N;i:2;N;i:3;N;i:4;a:0:{}i:5;a:2:{i:0;O:37:\\\"Symfony\\\\Component\\\\Mime\\\\Header\\\\Headers\\\":2:{s:46:\\\"\\0Symfony\\\\Component\\\\Mime\\\\Header\\\\Headers\\0headers\\\";a:3:{s:4:\\\"from\\\";a:1:{i:0;O:47:\\\"Symfony\\\\Component\\\\Mime\\\\Header\\\\MailboxListHeader\\\":5:{s:50:\\\"\\0Symfony\\\\Component\\\\Mime\\\\Header\\\\AbstractHeader\\0name\\\";s:4:\\\"From\\\";s:56:\\\"\\0Symfony\\\\Component\\\\Mime\\\\Header\\\\AbstractHeader\\0lineLength\\\";i:76;s:50:\\\"\\0Symfony\\\\Component\\\\Mime\\\\Header\\\\AbstractHeader\\0lang\\\";N;s:53:\\\"\\0Symfony\\\\Component\\\\Mime\\\\Header\\\\AbstractHeader\\0charset\\\";s:5:\\\"utf-8\\\";s:58:\\\"\\0Symfony\\\\Component\\\\Mime\\\\Header\\\\MailboxListHeader\\0addresses\\\";a:1:{i:0;O:30:\\\"Symfony\\\\Component\\\\Mime\\\\Address\\\":2:{s:39:\\\"\\0Symfony\\\\Component\\\\Mime\\\\Address\\0address\\\";s:23:\\\"surikatstudio@gmail.com\\\";s:36:\\\"\\0Symfony\\\\Component\\\\Mime\\\\Address\\0name\\\";s:14:\\\"Surikat Studio\\\";}}}}s:2:\\\"to\\\";a:1:{i:0;O:47:\\\"Symfony\\\\Component\\\\Mime\\\\Header\\\\MailboxListHeader\\\":5:{s:50:\\\"\\0Symfony\\\\Component\\\\Mime\\\\Header\\\\AbstractHeader\\0name\\\";s:2:\\\"To\\\";s:56:\\\"\\0Symfony\\\\Component\\\\Mime\\\\Header\\\\AbstractHeader\\0lineLength\\\";i:76;s:50:\\\"\\0Symfony\\\\Component\\\\Mime\\\\Header\\\\AbstractHeader\\0lang\\\";N;s:53:\\\"\\0Symfony\\\\Component\\\\Mime\\\\Header\\\\AbstractHeader\\0charset\\\";s:5:\\\"utf-8\\\";s:58:\\\"\\0Symfony\\\\Component\\\\Mime\\\\Header\\\\MailboxListHeader\\0addresses\\\";a:1:{i:0;O:30:\\\"Symfony\\\\Component\\\\Mime\\\\Address\\\":2:{s:39:\\\"\\0Symfony\\\\Component\\\\Mime\\\\Address\\0address\\\";s:6:\\\"a@a.fr\\\";s:36:\\\"\\0Symfony\\\\Component\\\\Mime\\\\Address\\0name\\\";s:0:\\\"\\\";}}}}s:7:\\\"subject\\\";a:1:{i:0;O:48:\\\"Symfony\\\\Component\\\\Mime\\\\Header\\\\UnstructuredHeader\\\":5:{s:50:\\\"\\0Symfony\\\\Component\\\\Mime\\\\Header\\\\AbstractHeader\\0name\\\";s:7:\\\"Subject\\\";s:56:\\\"\\0Symfony\\\\Component\\\\Mime\\\\Header\\\\AbstractHeader\\0lineLength\\\";i:76;s:50:\\\"\\0Symfony\\\\Component\\\\Mime\\\\Header\\\\AbstractHeader\\0lang\\\";N;s:53:\\\"\\0Symfony\\\\Component\\\\Mime\\\\Header\\\\AbstractHeader\\0charset\\\";s:5:\\\"utf-8\\\";s:55:\\\"\\0Symfony\\\\Component\\\\Mime\\\\Header\\\\UnstructuredHeader\\0value\\\";s:25:\\\"Please Confirm your Email\\\";}}}s:49:\\\"\\0Symfony\\\\Component\\\\Mime\\\\Header\\\\Headers\\0lineLength\\\";i:76;}i:1;N;}}i:4;N;}s:61:\\\"\\0Symfony\\\\Component\\\\Mailer\\\\Messenger\\\\SendEmailMessage\\0envelope\\\";N;}}', '[]', 'default', '2024-04-02 13:16:02', '2024-04-02 13:16:02', NULL),
(3, 'O:36:\\\"Symfony\\\\Component\\\\Messenger\\\\Envelope\\\":2:{s:44:\\\"\\0Symfony\\\\Component\\\\Messenger\\\\Envelope\\0stamps\\\";a:1:{s:46:\\\"Symfony\\\\Component\\\\Messenger\\\\Stamp\\\\BusNameStamp\\\";a:1:{i:0;O:46:\\\"Symfony\\\\Component\\\\Messenger\\\\Stamp\\\\BusNameStamp\\\":1:{s:55:\\\"\\0Symfony\\\\Component\\\\Messenger\\\\Stamp\\\\BusNameStamp\\0busName\\\";s:21:\\\"messenger.bus.default\\\";}}}s:45:\\\"\\0Symfony\\\\Component\\\\Messenger\\\\Envelope\\0message\\\";O:51:\\\"Symfony\\\\Component\\\\Mailer\\\\Messenger\\\\SendEmailMessage\\\":2:{s:60:\\\"\\0Symfony\\\\Component\\\\Mailer\\\\Messenger\\\\SendEmailMessage\\0message\\\";O:39:\\\"Symfony\\\\Bridge\\\\Twig\\\\Mime\\\\TemplatedEmail\\\":5:{i:0;s:41:\\\"registration/confirmation_email.html.twig\\\";i:1;N;i:2;a:3:{s:9:\\\"signedUrl\\\";s:167:\\\"http://127.0.0.1:8000/verify/email?expires=1712067541&signature=IxdVTugyHD0WLg75pWcnapX6qf9x1xv%2B%2BYa4yCimyRo%3D&token=tf7pxEanZV1Ldw6sw3Ikx1Hjj2Ak2KMEPBw0vPEYgXU%3D\\\";s:19:\\\"expiresAtMessageKey\\\";s:26:\\\"%count% hour|%count% hours\\\";s:20:\\\"expiresAtMessageData\\\";a:1:{s:7:\\\"%count%\\\";i:1;}}i:3;a:6:{i:0;N;i:1;N;i:2;N;i:3;N;i:4;a:0:{}i:5;a:2:{i:0;O:37:\\\"Symfony\\\\Component\\\\Mime\\\\Header\\\\Headers\\\":2:{s:46:\\\"\\0Symfony\\\\Component\\\\Mime\\\\Header\\\\Headers\\0headers\\\";a:3:{s:4:\\\"from\\\";a:1:{i:0;O:47:\\\"Symfony\\\\Component\\\\Mime\\\\Header\\\\MailboxListHeader\\\":5:{s:50:\\\"\\0Symfony\\\\Component\\\\Mime\\\\Header\\\\AbstractHeader\\0name\\\";s:4:\\\"From\\\";s:56:\\\"\\0Symfony\\\\Component\\\\Mime\\\\Header\\\\AbstractHeader\\0lineLength\\\";i:76;s:50:\\\"\\0Symfony\\\\Component\\\\Mime\\\\Header\\\\AbstractHeader\\0lang\\\";N;s:53:\\\"\\0Symfony\\\\Component\\\\Mime\\\\Header\\\\AbstractHeader\\0charset\\\";s:5:\\\"utf-8\\\";s:58:\\\"\\0Symfony\\\\Component\\\\Mime\\\\Header\\\\MailboxListHeader\\0addresses\\\";a:1:{i:0;O:30:\\\"Symfony\\\\Component\\\\Mime\\\\Address\\\":2:{s:39:\\\"\\0Symfony\\\\Component\\\\Mime\\\\Address\\0address\\\";s:23:\\\"surikatstudio@gmail.com\\\";s:36:\\\"\\0Symfony\\\\Component\\\\Mime\\\\Address\\0name\\\";s:14:\\\"Surikat Studio\\\";}}}}s:2:\\\"to\\\";a:1:{i:0;O:47:\\\"Symfony\\\\Component\\\\Mime\\\\Header\\\\MailboxListHeader\\\":5:{s:50:\\\"\\0Symfony\\\\Component\\\\Mime\\\\Header\\\\AbstractHeader\\0name\\\";s:2:\\\"To\\\";s:56:\\\"\\0Symfony\\\\Component\\\\Mime\\\\Header\\\\AbstractHeader\\0lineLength\\\";i:76;s:50:\\\"\\0Symfony\\\\Component\\\\Mime\\\\Header\\\\AbstractHeader\\0lang\\\";N;s:53:\\\"\\0Symfony\\\\Component\\\\Mime\\\\Header\\\\AbstractHeader\\0charset\\\";s:5:\\\"utf-8\\\";s:58:\\\"\\0Symfony\\\\Component\\\\Mime\\\\Header\\\\MailboxListHeader\\0addresses\\\";a:1:{i:0;O:30:\\\"Symfony\\\\Component\\\\Mime\\\\Address\\\":2:{s:39:\\\"\\0Symfony\\\\Component\\\\Mime\\\\Address\\0address\\\";s:6:\\\"a@a.fr\\\";s:36:\\\"\\0Symfony\\\\Component\\\\Mime\\\\Address\\0name\\\";s:0:\\\"\\\";}}}}s:7:\\\"subject\\\";a:1:{i:0;O:48:\\\"Symfony\\\\Component\\\\Mime\\\\Header\\\\UnstructuredHeader\\\":5:{s:50:\\\"\\0Symfony\\\\Component\\\\Mime\\\\Header\\\\AbstractHeader\\0name\\\";s:7:\\\"Subject\\\";s:56:\\\"\\0Symfony\\\\Component\\\\Mime\\\\Header\\\\AbstractHeader\\0lineLength\\\";i:76;s:50:\\\"\\0Symfony\\\\Component\\\\Mime\\\\Header\\\\AbstractHeader\\0lang\\\";N;s:53:\\\"\\0Symfony\\\\Component\\\\Mime\\\\Header\\\\AbstractHeader\\0charset\\\";s:5:\\\"utf-8\\\";s:55:\\\"\\0Symfony\\\\Component\\\\Mime\\\\Header\\\\UnstructuredHeader\\0value\\\";s:25:\\\"Please Confirm your Email\\\";}}}s:49:\\\"\\0Symfony\\\\Component\\\\Mime\\\\Header\\\\Headers\\0lineLength\\\";i:76;}i:1;N;}}i:4;N;}s:61:\\\"\\0Symfony\\\\Component\\\\Mailer\\\\Messenger\\\\SendEmailMessage\\0envelope\\\";N;}}', '[]', 'default', '2024-04-02 13:19:01', '2024-04-02 13:19:01', NULL),
(4, 'O:36:\\\"Symfony\\\\Component\\\\Messenger\\\\Envelope\\\":2:{s:44:\\\"\\0Symfony\\\\Component\\\\Messenger\\\\Envelope\\0stamps\\\";a:1:{s:46:\\\"Symfony\\\\Component\\\\Messenger\\\\Stamp\\\\BusNameStamp\\\";a:1:{i:0;O:46:\\\"Symfony\\\\Component\\\\Messenger\\\\Stamp\\\\BusNameStamp\\\":1:{s:55:\\\"\\0Symfony\\\\Component\\\\Messenger\\\\Stamp\\\\BusNameStamp\\0busName\\\";s:21:\\\"messenger.bus.default\\\";}}}s:45:\\\"\\0Symfony\\\\Component\\\\Messenger\\\\Envelope\\0message\\\";O:51:\\\"Symfony\\\\Component\\\\Mailer\\\\Messenger\\\\SendEmailMessage\\\":2:{s:60:\\\"\\0Symfony\\\\Component\\\\Mailer\\\\Messenger\\\\SendEmailMessage\\0message\\\";O:39:\\\"Symfony\\\\Bridge\\\\Twig\\\\Mime\\\\TemplatedEmail\\\":5:{i:0;s:41:\\\"registration/confirmation_email.html.twig\\\";i:1;N;i:2;a:3:{s:9:\\\"signedUrl\\\";s:171:\\\"http://127.0.0.1:8000/verify/email?expires=1712140490&signature=WF8wC1fmQRVOd%2F1R0UJSm1StLd16yJW%2F3rtfsJQjlEs%3D&token=VTLnnBlN0utLEtdU6xEDNYyfNJLZ%2BUZDfCKJ5UA%2FEWA%3D\\\";s:19:\\\"expiresAtMessageKey\\\";s:26:\\\"%count% hour|%count% hours\\\";s:20:\\\"expiresAtMessageData\\\";a:1:{s:7:\\\"%count%\\\";i:1;}}i:3;a:6:{i:0;N;i:1;N;i:2;N;i:3;N;i:4;a:0:{}i:5;a:2:{i:0;O:37:\\\"Symfony\\\\Component\\\\Mime\\\\Header\\\\Headers\\\":2:{s:46:\\\"\\0Symfony\\\\Component\\\\Mime\\\\Header\\\\Headers\\0headers\\\";a:3:{s:4:\\\"from\\\";a:1:{i:0;O:47:\\\"Symfony\\\\Component\\\\Mime\\\\Header\\\\MailboxListHeader\\\":5:{s:50:\\\"\\0Symfony\\\\Component\\\\Mime\\\\Header\\\\AbstractHeader\\0name\\\";s:4:\\\"From\\\";s:56:\\\"\\0Symfony\\\\Component\\\\Mime\\\\Header\\\\AbstractHeader\\0lineLength\\\";i:76;s:50:\\\"\\0Symfony\\\\Component\\\\Mime\\\\Header\\\\AbstractHeader\\0lang\\\";N;s:53:\\\"\\0Symfony\\\\Component\\\\Mime\\\\Header\\\\AbstractHeader\\0charset\\\";s:5:\\\"utf-8\\\";s:58:\\\"\\0Symfony\\\\Component\\\\Mime\\\\Header\\\\MailboxListHeader\\0addresses\\\";a:1:{i:0;O:30:\\\"Symfony\\\\Component\\\\Mime\\\\Address\\\":2:{s:39:\\\"\\0Symfony\\\\Component\\\\Mime\\\\Address\\0address\\\";s:23:\\\"surikatstudio@gmail.com\\\";s:36:\\\"\\0Symfony\\\\Component\\\\Mime\\\\Address\\0name\\\";s:14:\\\"Surikat Studio\\\";}}}}s:2:\\\"to\\\";a:1:{i:0;O:47:\\\"Symfony\\\\Component\\\\Mime\\\\Header\\\\MailboxListHeader\\\":5:{s:50:\\\"\\0Symfony\\\\Component\\\\Mime\\\\Header\\\\AbstractHeader\\0name\\\";s:2:\\\"To\\\";s:56:\\\"\\0Symfony\\\\Component\\\\Mime\\\\Header\\\\AbstractHeader\\0lineLength\\\";i:76;s:50:\\\"\\0Symfony\\\\Component\\\\Mime\\\\Header\\\\AbstractHeader\\0lang\\\";N;s:53:\\\"\\0Symfony\\\\Component\\\\Mime\\\\Header\\\\AbstractHeader\\0charset\\\";s:5:\\\"utf-8\\\";s:58:\\\"\\0Symfony\\\\Component\\\\Mime\\\\Header\\\\MailboxListHeader\\0addresses\\\";a:1:{i:0;O:30:\\\"Symfony\\\\Component\\\\Mime\\\\Address\\\":2:{s:39:\\\"\\0Symfony\\\\Component\\\\Mime\\\\Address\\0address\\\";s:17:\\\"boubou@boubou.com\\\";s:36:\\\"\\0Symfony\\\\Component\\\\Mime\\\\Address\\0name\\\";s:0:\\\"\\\";}}}}s:7:\\\"subject\\\";a:1:{i:0;O:48:\\\"Symfony\\\\Component\\\\Mime\\\\Header\\\\UnstructuredHeader\\\":5:{s:50:\\\"\\0Symfony\\\\Component\\\\Mime\\\\Header\\\\AbstractHeader\\0name\\\";s:7:\\\"Subject\\\";s:56:\\\"\\0Symfony\\\\Component\\\\Mime\\\\Header\\\\AbstractHeader\\0lineLength\\\";i:76;s:50:\\\"\\0Symfony\\\\Component\\\\Mime\\\\Header\\\\AbstractHeader\\0lang\\\";N;s:53:\\\"\\0Symfony\\\\Component\\\\Mime\\\\Header\\\\AbstractHeader\\0charset\\\";s:5:\\\"utf-8\\\";s:55:\\\"\\0Symfony\\\\Component\\\\Mime\\\\Header\\\\UnstructuredHeader\\0value\\\";s:25:\\\"Please Confirm your Email\\\";}}}s:49:\\\"\\0Symfony\\\\Component\\\\Mime\\\\Header\\\\Headers\\0lineLength\\\";i:76;}i:1;N;}}i:4;N;}s:61:\\\"\\0Symfony\\\\Component\\\\Mailer\\\\Messenger\\\\SendEmailMessage\\0envelope\\\";N;}}', '[]', 'default', '2024-04-03 09:34:50', '2024-04-03 09:34:50', NULL),
(5, 'O:36:\\\"Symfony\\\\Component\\\\Messenger\\\\Envelope\\\":2:{s:44:\\\"\\0Symfony\\\\Component\\\\Messenger\\\\Envelope\\0stamps\\\";a:1:{s:46:\\\"Symfony\\\\Component\\\\Messenger\\\\Stamp\\\\BusNameStamp\\\";a:1:{i:0;O:46:\\\"Symfony\\\\Component\\\\Messenger\\\\Stamp\\\\BusNameStamp\\\":1:{s:55:\\\"\\0Symfony\\\\Component\\\\Messenger\\\\Stamp\\\\BusNameStamp\\0busName\\\";s:21:\\\"messenger.bus.default\\\";}}}s:45:\\\"\\0Symfony\\\\Component\\\\Messenger\\\\Envelope\\0message\\\";O:51:\\\"Symfony\\\\Component\\\\Mailer\\\\Messenger\\\\SendEmailMessage\\\":2:{s:60:\\\"\\0Symfony\\\\Component\\\\Mailer\\\\Messenger\\\\SendEmailMessage\\0message\\\";O:39:\\\"Symfony\\\\Bridge\\\\Twig\\\\Mime\\\\TemplatedEmail\\\":5:{i:0;s:41:\\\"registration/confirmation_email.html.twig\\\";i:1;N;i:2;a:3:{s:9:\\\"signedUrl\\\";s:167:\\\"http://127.0.0.1:8000/verify/email?expires=1712141876&signature=w%2BbGiIL4vD0y7WUfQhfFyJz8fO3ASX5WTqqsgMdJd%2BY%3D&token=5gW00TuajPQDgyg06K33yYJyc6ghEQoF7MlVEdEVq8A%3D\\\";s:19:\\\"expiresAtMessageKey\\\";s:26:\\\"%count% hour|%count% hours\\\";s:20:\\\"expiresAtMessageData\\\";a:1:{s:7:\\\"%count%\\\";i:1;}}i:3;a:6:{i:0;N;i:1;N;i:2;N;i:3;N;i:4;a:0:{}i:5;a:2:{i:0;O:37:\\\"Symfony\\\\Component\\\\Mime\\\\Header\\\\Headers\\\":2:{s:46:\\\"\\0Symfony\\\\Component\\\\Mime\\\\Header\\\\Headers\\0headers\\\";a:3:{s:4:\\\"from\\\";a:1:{i:0;O:47:\\\"Symfony\\\\Component\\\\Mime\\\\Header\\\\MailboxListHeader\\\":5:{s:50:\\\"\\0Symfony\\\\Component\\\\Mime\\\\Header\\\\AbstractHeader\\0name\\\";s:4:\\\"From\\\";s:56:\\\"\\0Symfony\\\\Component\\\\Mime\\\\Header\\\\AbstractHeader\\0lineLength\\\";i:76;s:50:\\\"\\0Symfony\\\\Component\\\\Mime\\\\Header\\\\AbstractHeader\\0lang\\\";N;s:53:\\\"\\0Symfony\\\\Component\\\\Mime\\\\Header\\\\AbstractHeader\\0charset\\\";s:5:\\\"utf-8\\\";s:58:\\\"\\0Symfony\\\\Component\\\\Mime\\\\Header\\\\MailboxListHeader\\0addresses\\\";a:1:{i:0;O:30:\\\"Symfony\\\\Component\\\\Mime\\\\Address\\\":2:{s:39:\\\"\\0Symfony\\\\Component\\\\Mime\\\\Address\\0address\\\";s:23:\\\"surikatstudio@gmail.com\\\";s:36:\\\"\\0Symfony\\\\Component\\\\Mime\\\\Address\\0name\\\";s:14:\\\"Surikat Studio\\\";}}}}s:2:\\\"to\\\";a:1:{i:0;O:47:\\\"Symfony\\\\Component\\\\Mime\\\\Header\\\\MailboxListHeader\\\":5:{s:50:\\\"\\0Symfony\\\\Component\\\\Mime\\\\Header\\\\AbstractHeader\\0name\\\";s:2:\\\"To\\\";s:56:\\\"\\0Symfony\\\\Component\\\\Mime\\\\Header\\\\AbstractHeader\\0lineLength\\\";i:76;s:50:\\\"\\0Symfony\\\\Component\\\\Mime\\\\Header\\\\AbstractHeader\\0lang\\\";N;s:53:\\\"\\0Symfony\\\\Component\\\\Mime\\\\Header\\\\AbstractHeader\\0charset\\\";s:5:\\\"utf-8\\\";s:58:\\\"\\0Symfony\\\\Component\\\\Mime\\\\Header\\\\MailboxListHeader\\0addresses\\\";a:1:{i:0;O:30:\\\"Symfony\\\\Component\\\\Mime\\\\Address\\\":2:{s:39:\\\"\\0Symfony\\\\Component\\\\Mime\\\\Address\\0address\\\";s:13:\\\"drg@drg.comù\\\";s:36:\\\"\\0Symfony\\\\Component\\\\Mime\\\\Address\\0name\\\";s:0:\\\"\\\";}}}}s:7:\\\"subject\\\";a:1:{i:0;O:48:\\\"Symfony\\\\Component\\\\Mime\\\\Header\\\\UnstructuredHeader\\\":5:{s:50:\\\"\\0Symfony\\\\Component\\\\Mime\\\\Header\\\\AbstractHeader\\0name\\\";s:7:\\\"Subject\\\";s:56:\\\"\\0Symfony\\\\Component\\\\Mime\\\\Header\\\\AbstractHeader\\0lineLength\\\";i:76;s:50:\\\"\\0Symfony\\\\Component\\\\Mime\\\\Header\\\\AbstractHeader\\0lang\\\";N;s:53:\\\"\\0Symfony\\\\Component\\\\Mime\\\\Header\\\\AbstractHeader\\0charset\\\";s:5:\\\"utf-8\\\";s:55:\\\"\\0Symfony\\\\Component\\\\Mime\\\\Header\\\\UnstructuredHeader\\0value\\\";s:25:\\\"Please Confirm your Email\\\";}}}s:49:\\\"\\0Symfony\\\\Component\\\\Mime\\\\Header\\\\Headers\\0lineLength\\\";i:76;}i:1;N;}}i:4;N;}s:61:\\\"\\0Symfony\\\\Component\\\\Mailer\\\\Messenger\\\\SendEmailMessage\\0envelope\\\";N;}}', '[]', 'default', '2024-04-03 09:57:56', '2024-04-03 09:57:56', NULL),
(6, 'O:36:\\\"Symfony\\\\Component\\\\Messenger\\\\Envelope\\\":2:{s:44:\\\"\\0Symfony\\\\Component\\\\Messenger\\\\Envelope\\0stamps\\\";a:1:{s:46:\\\"Symfony\\\\Component\\\\Messenger\\\\Stamp\\\\BusNameStamp\\\";a:1:{i:0;O:46:\\\"Symfony\\\\Component\\\\Messenger\\\\Stamp\\\\BusNameStamp\\\":1:{s:55:\\\"\\0Symfony\\\\Component\\\\Messenger\\\\Stamp\\\\BusNameStamp\\0busName\\\";s:21:\\\"messenger.bus.default\\\";}}}s:45:\\\"\\0Symfony\\\\Component\\\\Messenger\\\\Envelope\\0message\\\";O:51:\\\"Symfony\\\\Component\\\\Mailer\\\\Messenger\\\\SendEmailMessage\\\":2:{s:60:\\\"\\0Symfony\\\\Component\\\\Mailer\\\\Messenger\\\\SendEmailMessage\\0message\\\";O:39:\\\"Symfony\\\\Bridge\\\\Twig\\\\Mime\\\\TemplatedEmail\\\":5:{i:0;s:41:\\\"registration/confirmation_email.html.twig\\\";i:1;N;i:2;a:3:{s:9:\\\"signedUrl\\\";s:169:\\\"http://127.0.0.1:8000/verify/email?expires=1712142808&signature=jmlzC9yD23GLnEq259yWWV8%2FpRz20TJQjtQxhk%2BSsks%3D&token=ZokYY9hY9HxIaR%2Fa5o1iLrHdrY00AuGt8W0PDsNCNus%3D\\\";s:19:\\\"expiresAtMessageKey\\\";s:26:\\\"%count% hour|%count% hours\\\";s:20:\\\"expiresAtMessageData\\\";a:1:{s:7:\\\"%count%\\\";i:1;}}i:3;a:6:{i:0;N;i:1;N;i:2;N;i:3;N;i:4;a:0:{}i:5;a:2:{i:0;O:37:\\\"Symfony\\\\Component\\\\Mime\\\\Header\\\\Headers\\\":2:{s:46:\\\"\\0Symfony\\\\Component\\\\Mime\\\\Header\\\\Headers\\0headers\\\";a:3:{s:4:\\\"from\\\";a:1:{i:0;O:47:\\\"Symfony\\\\Component\\\\Mime\\\\Header\\\\MailboxListHeader\\\":5:{s:50:\\\"\\0Symfony\\\\Component\\\\Mime\\\\Header\\\\AbstractHeader\\0name\\\";s:4:\\\"From\\\";s:56:\\\"\\0Symfony\\\\Component\\\\Mime\\\\Header\\\\AbstractHeader\\0lineLength\\\";i:76;s:50:\\\"\\0Symfony\\\\Component\\\\Mime\\\\Header\\\\AbstractHeader\\0lang\\\";N;s:53:\\\"\\0Symfony\\\\Component\\\\Mime\\\\Header\\\\AbstractHeader\\0charset\\\";s:5:\\\"utf-8\\\";s:58:\\\"\\0Symfony\\\\Component\\\\Mime\\\\Header\\\\MailboxListHeader\\0addresses\\\";a:1:{i:0;O:30:\\\"Symfony\\\\Component\\\\Mime\\\\Address\\\":2:{s:39:\\\"\\0Symfony\\\\Component\\\\Mime\\\\Address\\0address\\\";s:23:\\\"surikatstudio@gmail.com\\\";s:36:\\\"\\0Symfony\\\\Component\\\\Mime\\\\Address\\0name\\\";s:14:\\\"Surikat Studio\\\";}}}}s:2:\\\"to\\\";a:1:{i:0;O:47:\\\"Symfony\\\\Component\\\\Mime\\\\Header\\\\MailboxListHeader\\\":5:{s:50:\\\"\\0Symfony\\\\Component\\\\Mime\\\\Header\\\\AbstractHeader\\0name\\\";s:2:\\\"To\\\";s:56:\\\"\\0Symfony\\\\Component\\\\Mime\\\\Header\\\\AbstractHeader\\0lineLength\\\";i:76;s:50:\\\"\\0Symfony\\\\Component\\\\Mime\\\\Header\\\\AbstractHeader\\0lang\\\";N;s:53:\\\"\\0Symfony\\\\Component\\\\Mime\\\\Header\\\\AbstractHeader\\0charset\\\";s:5:\\\"utf-8\\\";s:58:\\\"\\0Symfony\\\\Component\\\\Mime\\\\Header\\\\MailboxListHeader\\0addresses\\\";a:1:{i:0;O:30:\\\"Symfony\\\\Component\\\\Mime\\\\Address\\\":2:{s:39:\\\"\\0Symfony\\\\Component\\\\Mime\\\\Address\\0address\\\";s:10:\\\"krocco@com\\\";s:36:\\\"\\0Symfony\\\\Component\\\\Mime\\\\Address\\0name\\\";s:0:\\\"\\\";}}}}s:7:\\\"subject\\\";a:1:{i:0;O:48:\\\"Symfony\\\\Component\\\\Mime\\\\Header\\\\UnstructuredHeader\\\":5:{s:50:\\\"\\0Symfony\\\\Component\\\\Mime\\\\Header\\\\AbstractHeader\\0name\\\";s:7:\\\"Subject\\\";s:56:\\\"\\0Symfony\\\\Component\\\\Mime\\\\Header\\\\AbstractHeader\\0lineLength\\\";i:76;s:50:\\\"\\0Symfony\\\\Component\\\\Mime\\\\Header\\\\AbstractHeader\\0lang\\\";N;s:53:\\\"\\0Symfony\\\\Component\\\\Mime\\\\Header\\\\AbstractHeader\\0charset\\\";s:5:\\\"utf-8\\\";s:55:\\\"\\0Symfony\\\\Component\\\\Mime\\\\Header\\\\UnstructuredHeader\\0value\\\";s:25:\\\"Please Confirm your Email\\\";}}}s:49:\\\"\\0Symfony\\\\Component\\\\Mime\\\\Header\\\\Headers\\0lineLength\\\";i:76;}i:1;N;}}i:4;N;}s:61:\\\"\\0Symfony\\\\Component\\\\Mailer\\\\Messenger\\\\SendEmailMessage\\0envelope\\\";N;}}', '[]', 'default', '2024-04-03 10:13:29', '2024-04-03 10:13:29', NULL),
(7, 'O:36:\\\"Symfony\\\\Component\\\\Messenger\\\\Envelope\\\":2:{s:44:\\\"\\0Symfony\\\\Component\\\\Messenger\\\\Envelope\\0stamps\\\";a:1:{s:46:\\\"Symfony\\\\Component\\\\Messenger\\\\Stamp\\\\BusNameStamp\\\";a:1:{i:0;O:46:\\\"Symfony\\\\Component\\\\Messenger\\\\Stamp\\\\BusNameStamp\\\":1:{s:55:\\\"\\0Symfony\\\\Component\\\\Messenger\\\\Stamp\\\\BusNameStamp\\0busName\\\";s:21:\\\"messenger.bus.default\\\";}}}s:45:\\\"\\0Symfony\\\\Component\\\\Messenger\\\\Envelope\\0message\\\";O:51:\\\"Symfony\\\\Component\\\\Mailer\\\\Messenger\\\\SendEmailMessage\\\":2:{s:60:\\\"\\0Symfony\\\\Component\\\\Mailer\\\\Messenger\\\\SendEmailMessage\\0message\\\";O:39:\\\"Symfony\\\\Bridge\\\\Twig\\\\Mime\\\\TemplatedEmail\\\":5:{i:0;s:41:\\\"registration/confirmation_email.html.twig\\\";i:1;N;i:2;a:3:{s:9:\\\"signedUrl\\\";s:169:\\\"http://127.0.0.1:8000/verify/email?expires=1712148862&signature=Jr115OkKkUQWa9F2mZGbILvK0%2FONwV9BL31H2DfwyQk%3D&token=sS%2FViFnJ1RMF%2BXyqH0m2rgA0EmHAm5alk7aWeqcO0jY%3D\\\";s:19:\\\"expiresAtMessageKey\\\";s:26:\\\"%count% hour|%count% hours\\\";s:20:\\\"expiresAtMessageData\\\";a:1:{s:7:\\\"%count%\\\";i:1;}}i:3;a:6:{i:0;N;i:1;N;i:2;N;i:3;N;i:4;a:0:{}i:5;a:2:{i:0;O:37:\\\"Symfony\\\\Component\\\\Mime\\\\Header\\\\Headers\\\":2:{s:46:\\\"\\0Symfony\\\\Component\\\\Mime\\\\Header\\\\Headers\\0headers\\\";a:3:{s:4:\\\"from\\\";a:1:{i:0;O:47:\\\"Symfony\\\\Component\\\\Mime\\\\Header\\\\MailboxListHeader\\\":5:{s:50:\\\"\\0Symfony\\\\Component\\\\Mime\\\\Header\\\\AbstractHeader\\0name\\\";s:4:\\\"From\\\";s:56:\\\"\\0Symfony\\\\Component\\\\Mime\\\\Header\\\\AbstractHeader\\0lineLength\\\";i:76;s:50:\\\"\\0Symfony\\\\Component\\\\Mime\\\\Header\\\\AbstractHeader\\0lang\\\";N;s:53:\\\"\\0Symfony\\\\Component\\\\Mime\\\\Header\\\\AbstractHeader\\0charset\\\";s:5:\\\"utf-8\\\";s:58:\\\"\\0Symfony\\\\Component\\\\Mime\\\\Header\\\\MailboxListHeader\\0addresses\\\";a:1:{i:0;O:30:\\\"Symfony\\\\Component\\\\Mime\\\\Address\\\":2:{s:39:\\\"\\0Symfony\\\\Component\\\\Mime\\\\Address\\0address\\\";s:23:\\\"surikatstudio@gmail.com\\\";s:36:\\\"\\0Symfony\\\\Component\\\\Mime\\\\Address\\0name\\\";s:14:\\\"Surikat Studio\\\";}}}}s:2:\\\"to\\\";a:1:{i:0;O:47:\\\"Symfony\\\\Component\\\\Mime\\\\Header\\\\MailboxListHeader\\\":5:{s:50:\\\"\\0Symfony\\\\Component\\\\Mime\\\\Header\\\\AbstractHeader\\0name\\\";s:2:\\\"To\\\";s:56:\\\"\\0Symfony\\\\Component\\\\Mime\\\\Header\\\\AbstractHeader\\0lineLength\\\";i:76;s:50:\\\"\\0Symfony\\\\Component\\\\Mime\\\\Header\\\\AbstractHeader\\0lang\\\";N;s:53:\\\"\\0Symfony\\\\Component\\\\Mime\\\\Header\\\\AbstractHeader\\0charset\\\";s:5:\\\"utf-8\\\";s:58:\\\"\\0Symfony\\\\Component\\\\Mime\\\\Header\\\\MailboxListHeader\\0addresses\\\";a:1:{i:0;O:30:\\\"Symfony\\\\Component\\\\Mime\\\\Address\\\":2:{s:39:\\\"\\0Symfony\\\\Component\\\\Mime\\\\Address\\0address\\\";s:14:\\\"john@john.john\\\";s:36:\\\"\\0Symfony\\\\Component\\\\Mime\\\\Address\\0name\\\";s:0:\\\"\\\";}}}}s:7:\\\"subject\\\";a:1:{i:0;O:48:\\\"Symfony\\\\Component\\\\Mime\\\\Header\\\\UnstructuredHeader\\\":5:{s:50:\\\"\\0Symfony\\\\Component\\\\Mime\\\\Header\\\\AbstractHeader\\0name\\\";s:7:\\\"Subject\\\";s:56:\\\"\\0Symfony\\\\Component\\\\Mime\\\\Header\\\\AbstractHeader\\0lineLength\\\";i:76;s:50:\\\"\\0Symfony\\\\Component\\\\Mime\\\\Header\\\\AbstractHeader\\0lang\\\";N;s:53:\\\"\\0Symfony\\\\Component\\\\Mime\\\\Header\\\\AbstractHeader\\0charset\\\";s:5:\\\"utf-8\\\";s:55:\\\"\\0Symfony\\\\Component\\\\Mime\\\\Header\\\\UnstructuredHeader\\0value\\\";s:25:\\\"Please Confirm your Email\\\";}}}s:49:\\\"\\0Symfony\\\\Component\\\\Mime\\\\Header\\\\Headers\\0lineLength\\\";i:76;}i:1;N;}}i:4;N;}s:61:\\\"\\0Symfony\\\\Component\\\\Mailer\\\\Messenger\\\\SendEmailMessage\\0envelope\\\";N;}}', '[]', 'default', '2024-04-03 11:54:22', '2024-04-03 11:54:22', NULL),
(8, 'O:36:\\\"Symfony\\\\Component\\\\Messenger\\\\Envelope\\\":2:{s:44:\\\"\\0Symfony\\\\Component\\\\Messenger\\\\Envelope\\0stamps\\\";a:1:{s:46:\\\"Symfony\\\\Component\\\\Messenger\\\\Stamp\\\\BusNameStamp\\\";a:1:{i:0;O:46:\\\"Symfony\\\\Component\\\\Messenger\\\\Stamp\\\\BusNameStamp\\\":1:{s:55:\\\"\\0Symfony\\\\Component\\\\Messenger\\\\Stamp\\\\BusNameStamp\\0busName\\\";s:21:\\\"messenger.bus.default\\\";}}}s:45:\\\"\\0Symfony\\\\Component\\\\Messenger\\\\Envelope\\0message\\\";O:51:\\\"Symfony\\\\Component\\\\Mailer\\\\Messenger\\\\SendEmailMessage\\\":2:{s:60:\\\"\\0Symfony\\\\Component\\\\Mailer\\\\Messenger\\\\SendEmailMessage\\0message\\\";O:39:\\\"Symfony\\\\Bridge\\\\Twig\\\\Mime\\\\TemplatedEmail\\\":5:{i:0;s:41:\\\"registration/confirmation_email.html.twig\\\";i:1;N;i:2;a:3:{s:9:\\\"signedUrl\\\";s:171:\\\"http://127.0.0.1:8000/verify/email?expires=1712151394&signature=hLRF9ZExLAjirRGLusZjwRZQ3QVZj%2Bs%2BTc38vEimpbA%3D&token=BJlYNji5L9JQdv%2FoCmcTgqgVqEylQlCUl8O9I%2FK3Qg0%3D\\\";s:19:\\\"expiresAtMessageKey\\\";s:26:\\\"%count% hour|%count% hours\\\";s:20:\\\"expiresAtMessageData\\\";a:1:{s:7:\\\"%count%\\\";i:1;}}i:3;a:6:{i:0;N;i:1;N;i:2;N;i:3;N;i:4;a:0:{}i:5;a:2:{i:0;O:37:\\\"Symfony\\\\Component\\\\Mime\\\\Header\\\\Headers\\\":2:{s:46:\\\"\\0Symfony\\\\Component\\\\Mime\\\\Header\\\\Headers\\0headers\\\";a:3:{s:4:\\\"from\\\";a:1:{i:0;O:47:\\\"Symfony\\\\Component\\\\Mime\\\\Header\\\\MailboxListHeader\\\":5:{s:50:\\\"\\0Symfony\\\\Component\\\\Mime\\\\Header\\\\AbstractHeader\\0name\\\";s:4:\\\"From\\\";s:56:\\\"\\0Symfony\\\\Component\\\\Mime\\\\Header\\\\AbstractHeader\\0lineLength\\\";i:76;s:50:\\\"\\0Symfony\\\\Component\\\\Mime\\\\Header\\\\AbstractHeader\\0lang\\\";N;s:53:\\\"\\0Symfony\\\\Component\\\\Mime\\\\Header\\\\AbstractHeader\\0charset\\\";s:5:\\\"utf-8\\\";s:58:\\\"\\0Symfony\\\\Component\\\\Mime\\\\Header\\\\MailboxListHeader\\0addresses\\\";a:1:{i:0;O:30:\\\"Symfony\\\\Component\\\\Mime\\\\Address\\\":2:{s:39:\\\"\\0Symfony\\\\Component\\\\Mime\\\\Address\\0address\\\";s:23:\\\"surikatstudio@gmail.com\\\";s:36:\\\"\\0Symfony\\\\Component\\\\Mime\\\\Address\\0name\\\";s:14:\\\"Surikat Studio\\\";}}}}s:2:\\\"to\\\";a:1:{i:0;O:47:\\\"Symfony\\\\Component\\\\Mime\\\\Header\\\\MailboxListHeader\\\":5:{s:50:\\\"\\0Symfony\\\\Component\\\\Mime\\\\Header\\\\AbstractHeader\\0name\\\";s:2:\\\"To\\\";s:56:\\\"\\0Symfony\\\\Component\\\\Mime\\\\Header\\\\AbstractHeader\\0lineLength\\\";i:76;s:50:\\\"\\0Symfony\\\\Component\\\\Mime\\\\Header\\\\AbstractHeader\\0lang\\\";N;s:53:\\\"\\0Symfony\\\\Component\\\\Mime\\\\Header\\\\AbstractHeader\\0charset\\\";s:5:\\\"utf-8\\\";s:58:\\\"\\0Symfony\\\\Component\\\\Mime\\\\Header\\\\MailboxListHeader\\0addresses\\\";a:1:{i:0;O:30:\\\"Symfony\\\\Component\\\\Mime\\\\Address\\\":2:{s:39:\\\"\\0Symfony\\\\Component\\\\Mime\\\\Address\\0address\\\";s:10:\\\"aze@aze.fr\\\";s:36:\\\"\\0Symfony\\\\Component\\\\Mime\\\\Address\\0name\\\";s:0:\\\"\\\";}}}}s:7:\\\"subject\\\";a:1:{i:0;O:48:\\\"Symfony\\\\Component\\\\Mime\\\\Header\\\\UnstructuredHeader\\\":5:{s:50:\\\"\\0Symfony\\\\Component\\\\Mime\\\\Header\\\\AbstractHeader\\0name\\\";s:7:\\\"Subject\\\";s:56:\\\"\\0Symfony\\\\Component\\\\Mime\\\\Header\\\\AbstractHeader\\0lineLength\\\";i:76;s:50:\\\"\\0Symfony\\\\Component\\\\Mime\\\\Header\\\\AbstractHeader\\0lang\\\";N;s:53:\\\"\\0Symfony\\\\Component\\\\Mime\\\\Header\\\\AbstractHeader\\0charset\\\";s:5:\\\"utf-8\\\";s:55:\\\"\\0Symfony\\\\Component\\\\Mime\\\\Header\\\\UnstructuredHeader\\0value\\\";s:25:\\\"Please Confirm your Email\\\";}}}s:49:\\\"\\0Symfony\\\\Component\\\\Mime\\\\Header\\\\Headers\\0lineLength\\\";i:76;}i:1;N;}}i:4;N;}s:61:\\\"\\0Symfony\\\\Component\\\\Mailer\\\\Messenger\\\\SendEmailMessage\\0envelope\\\";N;}}', '[]', 'default', '2024-04-03 12:36:34', '2024-04-03 12:36:34', NULL),
(9, 'O:36:\\\"Symfony\\\\Component\\\\Messenger\\\\Envelope\\\":2:{s:44:\\\"\\0Symfony\\\\Component\\\\Messenger\\\\Envelope\\0stamps\\\";a:1:{s:46:\\\"Symfony\\\\Component\\\\Messenger\\\\Stamp\\\\BusNameStamp\\\";a:1:{i:0;O:46:\\\"Symfony\\\\Component\\\\Messenger\\\\Stamp\\\\BusNameStamp\\\":1:{s:55:\\\"\\0Symfony\\\\Component\\\\Messenger\\\\Stamp\\\\BusNameStamp\\0busName\\\";s:21:\\\"messenger.bus.default\\\";}}}s:45:\\\"\\0Symfony\\\\Component\\\\Messenger\\\\Envelope\\0message\\\";O:51:\\\"Symfony\\\\Component\\\\Mailer\\\\Messenger\\\\SendEmailMessage\\\":2:{s:60:\\\"\\0Symfony\\\\Component\\\\Mailer\\\\Messenger\\\\SendEmailMessage\\0message\\\";O:39:\\\"Symfony\\\\Bridge\\\\Twig\\\\Mime\\\\TemplatedEmail\\\":5:{i:0;s:41:\\\"registration/confirmation_email.html.twig\\\";i:1;N;i:2;a:3:{s:9:\\\"signedUrl\\\";s:169:\\\"http://127.0.0.1:8000/verify/email?expires=1712151711&signature=Xg9syIesoUxecPmH7rYMC9NZ7LYnHZ%2FfQTURA8%2FmCdE%3D&token=2MkK870%2F9kf9ftsZABmQLhpljSCZ5r4vLLy5s8lEiS4%3D\\\";s:19:\\\"expiresAtMessageKey\\\";s:26:\\\"%count% hour|%count% hours\\\";s:20:\\\"expiresAtMessageData\\\";a:1:{s:7:\\\"%count%\\\";i:1;}}i:3;a:6:{i:0;N;i:1;N;i:2;N;i:3;N;i:4;a:0:{}i:5;a:2:{i:0;O:37:\\\"Symfony\\\\Component\\\\Mime\\\\Header\\\\Headers\\\":2:{s:46:\\\"\\0Symfony\\\\Component\\\\Mime\\\\Header\\\\Headers\\0headers\\\";a:3:{s:4:\\\"from\\\";a:1:{i:0;O:47:\\\"Symfony\\\\Component\\\\Mime\\\\Header\\\\MailboxListHeader\\\":5:{s:50:\\\"\\0Symfony\\\\Component\\\\Mime\\\\Header\\\\AbstractHeader\\0name\\\";s:4:\\\"From\\\";s:56:\\\"\\0Symfony\\\\Component\\\\Mime\\\\Header\\\\AbstractHeader\\0lineLength\\\";i:76;s:50:\\\"\\0Symfony\\\\Component\\\\Mime\\\\Header\\\\AbstractHeader\\0lang\\\";N;s:53:\\\"\\0Symfony\\\\Component\\\\Mime\\\\Header\\\\AbstractHeader\\0charset\\\";s:5:\\\"utf-8\\\";s:58:\\\"\\0Symfony\\\\Component\\\\Mime\\\\Header\\\\MailboxListHeader\\0addresses\\\";a:1:{i:0;O:30:\\\"Symfony\\\\Component\\\\Mime\\\\Address\\\":2:{s:39:\\\"\\0Symfony\\\\Component\\\\Mime\\\\Address\\0address\\\";s:23:\\\"surikatstudio@gmail.com\\\";s:36:\\\"\\0Symfony\\\\Component\\\\Mime\\\\Address\\0name\\\";s:14:\\\"Surikat Studio\\\";}}}}s:2:\\\"to\\\";a:1:{i:0;O:47:\\\"Symfony\\\\Component\\\\Mime\\\\Header\\\\MailboxListHeader\\\":5:{s:50:\\\"\\0Symfony\\\\Component\\\\Mime\\\\Header\\\\AbstractHeader\\0name\\\";s:2:\\\"To\\\";s:56:\\\"\\0Symfony\\\\Component\\\\Mime\\\\Header\\\\AbstractHeader\\0lineLength\\\";i:76;s:50:\\\"\\0Symfony\\\\Component\\\\Mime\\\\Header\\\\AbstractHeader\\0lang\\\";N;s:53:\\\"\\0Symfony\\\\Component\\\\Mime\\\\Header\\\\AbstractHeader\\0charset\\\";s:5:\\\"utf-8\\\";s:58:\\\"\\0Symfony\\\\Component\\\\Mime\\\\Header\\\\MailboxListHeader\\0addresses\\\";a:1:{i:0;O:30:\\\"Symfony\\\\Component\\\\Mime\\\\Address\\\":2:{s:39:\\\"\\0Symfony\\\\Component\\\\Mime\\\\Address\\0address\\\";s:11:\\\"oto@oto.com\\\";s:36:\\\"\\0Symfony\\\\Component\\\\Mime\\\\Address\\0name\\\";s:0:\\\"\\\";}}}}s:7:\\\"subject\\\";a:1:{i:0;O:48:\\\"Symfony\\\\Component\\\\Mime\\\\Header\\\\UnstructuredHeader\\\":5:{s:50:\\\"\\0Symfony\\\\Component\\\\Mime\\\\Header\\\\AbstractHeader\\0name\\\";s:7:\\\"Subject\\\";s:56:\\\"\\0Symfony\\\\Component\\\\Mime\\\\Header\\\\AbstractHeader\\0lineLength\\\";i:76;s:50:\\\"\\0Symfony\\\\Component\\\\Mime\\\\Header\\\\AbstractHeader\\0lang\\\";N;s:53:\\\"\\0Symfony\\\\Component\\\\Mime\\\\Header\\\\AbstractHeader\\0charset\\\";s:5:\\\"utf-8\\\";s:55:\\\"\\0Symfony\\\\Component\\\\Mime\\\\Header\\\\UnstructuredHeader\\0value\\\";s:25:\\\"Please Confirm your Email\\\";}}}s:49:\\\"\\0Symfony\\\\Component\\\\Mime\\\\Header\\\\Headers\\0lineLength\\\";i:76;}i:1;N;}}i:4;N;}s:61:\\\"\\0Symfony\\\\Component\\\\Mailer\\\\Messenger\\\\SendEmailMessage\\0envelope\\\";N;}}', '[]', 'default', '2024-04-03 12:41:51', '2024-04-03 12:41:51', NULL),
(10, 'O:36:\\\"Symfony\\\\Component\\\\Messenger\\\\Envelope\\\":2:{s:44:\\\"\\0Symfony\\\\Component\\\\Messenger\\\\Envelope\\0stamps\\\";a:1:{s:46:\\\"Symfony\\\\Component\\\\Messenger\\\\Stamp\\\\BusNameStamp\\\";a:1:{i:0;O:46:\\\"Symfony\\\\Component\\\\Messenger\\\\Stamp\\\\BusNameStamp\\\":1:{s:55:\\\"\\0Symfony\\\\Component\\\\Messenger\\\\Stamp\\\\BusNameStamp\\0busName\\\";s:21:\\\"messenger.bus.default\\\";}}}s:45:\\\"\\0Symfony\\\\Component\\\\Messenger\\\\Envelope\\0message\\\";O:51:\\\"Symfony\\\\Component\\\\Mailer\\\\Messenger\\\\SendEmailMessage\\\":2:{s:60:\\\"\\0Symfony\\\\Component\\\\Mailer\\\\Messenger\\\\SendEmailMessage\\0message\\\";O:39:\\\"Symfony\\\\Bridge\\\\Twig\\\\Mime\\\\TemplatedEmail\\\":5:{i:0;s:41:\\\"registration/confirmation_email.html.twig\\\";i:1;N;i:2;a:3:{s:9:\\\"signedUrl\\\";s:167:\\\"http://127.0.0.1:8000/verify/email?expires=1712151815&signature=EpvmRE3oeh3RW4KBklr9UHfg676hfjnptw8%2BZxbTfmY%3D&token=oJz7uiLwCusraoLFTVEz2jAn1AC505JjhT5%2BmuTQA2U%3D\\\";s:19:\\\"expiresAtMessageKey\\\";s:26:\\\"%count% hour|%count% hours\\\";s:20:\\\"expiresAtMessageData\\\";a:1:{s:7:\\\"%count%\\\";i:1;}}i:3;a:6:{i:0;N;i:1;N;i:2;N;i:3;N;i:4;a:0:{}i:5;a:2:{i:0;O:37:\\\"Symfony\\\\Component\\\\Mime\\\\Header\\\\Headers\\\":2:{s:46:\\\"\\0Symfony\\\\Component\\\\Mime\\\\Header\\\\Headers\\0headers\\\";a:3:{s:4:\\\"from\\\";a:1:{i:0;O:47:\\\"Symfony\\\\Component\\\\Mime\\\\Header\\\\MailboxListHeader\\\":5:{s:50:\\\"\\0Symfony\\\\Component\\\\Mime\\\\Header\\\\AbstractHeader\\0name\\\";s:4:\\\"From\\\";s:56:\\\"\\0Symfony\\\\Component\\\\Mime\\\\Header\\\\AbstractHeader\\0lineLength\\\";i:76;s:50:\\\"\\0Symfony\\\\Component\\\\Mime\\\\Header\\\\AbstractHeader\\0lang\\\";N;s:53:\\\"\\0Symfony\\\\Component\\\\Mime\\\\Header\\\\AbstractHeader\\0charset\\\";s:5:\\\"utf-8\\\";s:58:\\\"\\0Symfony\\\\Component\\\\Mime\\\\Header\\\\MailboxListHeader\\0addresses\\\";a:1:{i:0;O:30:\\\"Symfony\\\\Component\\\\Mime\\\\Address\\\":2:{s:39:\\\"\\0Symfony\\\\Component\\\\Mime\\\\Address\\0address\\\";s:23:\\\"surikatstudio@gmail.com\\\";s:36:\\\"\\0Symfony\\\\Component\\\\Mime\\\\Address\\0name\\\";s:14:\\\"Surikat Studio\\\";}}}}s:2:\\\"to\\\";a:1:{i:0;O:47:\\\"Symfony\\\\Component\\\\Mime\\\\Header\\\\MailboxListHeader\\\":5:{s:50:\\\"\\0Symfony\\\\Component\\\\Mime\\\\Header\\\\AbstractHeader\\0name\\\";s:2:\\\"To\\\";s:56:\\\"\\0Symfony\\\\Component\\\\Mime\\\\Header\\\\AbstractHeader\\0lineLength\\\";i:76;s:50:\\\"\\0Symfony\\\\Component\\\\Mime\\\\Header\\\\AbstractHeader\\0lang\\\";N;s:53:\\\"\\0Symfony\\\\Component\\\\Mime\\\\Header\\\\AbstractHeader\\0charset\\\";s:5:\\\"utf-8\\\";s:58:\\\"\\0Symfony\\\\Component\\\\Mime\\\\Header\\\\MailboxListHeader\\0addresses\\\";a:1:{i:0;O:30:\\\"Symfony\\\\Component\\\\Mime\\\\Address\\\":2:{s:39:\\\"\\0Symfony\\\\Component\\\\Mime\\\\Address\\0address\\\";s:10:\\\"aze@aze.fr\\\";s:36:\\\"\\0Symfony\\\\Component\\\\Mime\\\\Address\\0name\\\";s:0:\\\"\\\";}}}}s:7:\\\"subject\\\";a:1:{i:0;O:48:\\\"Symfony\\\\Component\\\\Mime\\\\Header\\\\UnstructuredHeader\\\":5:{s:50:\\\"\\0Symfony\\\\Component\\\\Mime\\\\Header\\\\AbstractHeader\\0name\\\";s:7:\\\"Subject\\\";s:56:\\\"\\0Symfony\\\\Component\\\\Mime\\\\Header\\\\AbstractHeader\\0lineLength\\\";i:76;s:50:\\\"\\0Symfony\\\\Component\\\\Mime\\\\Header\\\\AbstractHeader\\0lang\\\";N;s:53:\\\"\\0Symfony\\\\Component\\\\Mime\\\\Header\\\\AbstractHeader\\0charset\\\";s:5:\\\"utf-8\\\";s:55:\\\"\\0Symfony\\\\Component\\\\Mime\\\\Header\\\\UnstructuredHeader\\0value\\\";s:25:\\\"Please Confirm your Email\\\";}}}s:49:\\\"\\0Symfony\\\\Component\\\\Mime\\\\Header\\\\Headers\\0lineLength\\\";i:76;}i:1;N;}}i:4;N;}s:61:\\\"\\0Symfony\\\\Component\\\\Mailer\\\\Messenger\\\\SendEmailMessage\\0envelope\\\";N;}}', '[]', 'default', '2024-04-03 12:43:35', '2024-04-03 12:43:35', NULL),
(11, 'O:36:\\\"Symfony\\\\Component\\\\Messenger\\\\Envelope\\\":2:{s:44:\\\"\\0Symfony\\\\Component\\\\Messenger\\\\Envelope\\0stamps\\\";a:1:{s:46:\\\"Symfony\\\\Component\\\\Messenger\\\\Stamp\\\\BusNameStamp\\\";a:1:{i:0;O:46:\\\"Symfony\\\\Component\\\\Messenger\\\\Stamp\\\\BusNameStamp\\\":1:{s:55:\\\"\\0Symfony\\\\Component\\\\Messenger\\\\Stamp\\\\BusNameStamp\\0busName\\\";s:21:\\\"messenger.bus.default\\\";}}}s:45:\\\"\\0Symfony\\\\Component\\\\Messenger\\\\Envelope\\0message\\\";O:51:\\\"Symfony\\\\Component\\\\Mailer\\\\Messenger\\\\SendEmailMessage\\\":2:{s:60:\\\"\\0Symfony\\\\Component\\\\Mailer\\\\Messenger\\\\SendEmailMessage\\0message\\\";O:39:\\\"Symfony\\\\Bridge\\\\Twig\\\\Mime\\\\TemplatedEmail\\\":5:{i:0;s:41:\\\"registration/confirmation_email.html.twig\\\";i:1;N;i:2;a:3:{s:9:\\\"signedUrl\\\";s:169:\\\"http://127.0.0.1:8000/verify/email?expires=1712151863&signature=qkfVL5en5YOHgRXvG%2BGeGzK8EA0ymJhjlH72V%2F9Zs0c%3D&token=ZRk5q0OiQatgYjkMbV51Er5o4OZeM0QCy9n2hiaz%2BT8%3D\\\";s:19:\\\"expiresAtMessageKey\\\";s:26:\\\"%count% hour|%count% hours\\\";s:20:\\\"expiresAtMessageData\\\";a:1:{s:7:\\\"%count%\\\";i:1;}}i:3;a:6:{i:0;N;i:1;N;i:2;N;i:3;N;i:4;a:0:{}i:5;a:2:{i:0;O:37:\\\"Symfony\\\\Component\\\\Mime\\\\Header\\\\Headers\\\":2:{s:46:\\\"\\0Symfony\\\\Component\\\\Mime\\\\Header\\\\Headers\\0headers\\\";a:3:{s:4:\\\"from\\\";a:1:{i:0;O:47:\\\"Symfony\\\\Component\\\\Mime\\\\Header\\\\MailboxListHeader\\\":5:{s:50:\\\"\\0Symfony\\\\Component\\\\Mime\\\\Header\\\\AbstractHeader\\0name\\\";s:4:\\\"From\\\";s:56:\\\"\\0Symfony\\\\Component\\\\Mime\\\\Header\\\\AbstractHeader\\0lineLength\\\";i:76;s:50:\\\"\\0Symfony\\\\Component\\\\Mime\\\\Header\\\\AbstractHeader\\0lang\\\";N;s:53:\\\"\\0Symfony\\\\Component\\\\Mime\\\\Header\\\\AbstractHeader\\0charset\\\";s:5:\\\"utf-8\\\";s:58:\\\"\\0Symfony\\\\Component\\\\Mime\\\\Header\\\\MailboxListHeader\\0addresses\\\";a:1:{i:0;O:30:\\\"Symfony\\\\Component\\\\Mime\\\\Address\\\":2:{s:39:\\\"\\0Symfony\\\\Component\\\\Mime\\\\Address\\0address\\\";s:23:\\\"surikatstudio@gmail.com\\\";s:36:\\\"\\0Symfony\\\\Component\\\\Mime\\\\Address\\0name\\\";s:14:\\\"Surikat Studio\\\";}}}}s:2:\\\"to\\\";a:1:{i:0;O:47:\\\"Symfony\\\\Component\\\\Mime\\\\Header\\\\MailboxListHeader\\\":5:{s:50:\\\"\\0Symfony\\\\Component\\\\Mime\\\\Header\\\\AbstractHeader\\0name\\\";s:2:\\\"To\\\";s:56:\\\"\\0Symfony\\\\Component\\\\Mime\\\\Header\\\\AbstractHeader\\0lineLength\\\";i:76;s:50:\\\"\\0Symfony\\\\Component\\\\Mime\\\\Header\\\\AbstractHeader\\0lang\\\";N;s:53:\\\"\\0Symfony\\\\Component\\\\Mime\\\\Header\\\\AbstractHeader\\0charset\\\";s:5:\\\"utf-8\\\";s:58:\\\"\\0Symfony\\\\Component\\\\Mime\\\\Header\\\\MailboxListHeader\\0addresses\\\";a:1:{i:0;O:30:\\\"Symfony\\\\Component\\\\Mime\\\\Address\\\":2:{s:39:\\\"\\0Symfony\\\\Component\\\\Mime\\\\Address\\0address\\\";s:14:\\\"123@123@.13223\\\";s:36:\\\"\\0Symfony\\\\Component\\\\Mime\\\\Address\\0name\\\";s:0:\\\"\\\";}}}}s:7:\\\"subject\\\";a:1:{i:0;O:48:\\\"Symfony\\\\Component\\\\Mime\\\\Header\\\\UnstructuredHeader\\\":5:{s:50:\\\"\\0Symfony\\\\Component\\\\Mime\\\\Header\\\\AbstractHeader\\0name\\\";s:7:\\\"Subject\\\";s:56:\\\"\\0Symfony\\\\Component\\\\Mime\\\\Header\\\\AbstractHeader\\0lineLength\\\";i:76;s:50:\\\"\\0Symfony\\\\Component\\\\Mime\\\\Header\\\\AbstractHeader\\0lang\\\";N;s:53:\\\"\\0Symfony\\\\Component\\\\Mime\\\\Header\\\\AbstractHeader\\0charset\\\";s:5:\\\"utf-8\\\";s:55:\\\"\\0Symfony\\\\Component\\\\Mime\\\\Header\\\\UnstructuredHeader\\0value\\\";s:25:\\\"Please Confirm your Email\\\";}}}s:49:\\\"\\0Symfony\\\\Component\\\\Mime\\\\Header\\\\Headers\\0lineLength\\\";i:76;}i:1;N;}}i:4;N;}s:61:\\\"\\0Symfony\\\\Component\\\\Mailer\\\\Messenger\\\\SendEmailMessage\\0envelope\\\";N;}}', '[]', 'default', '2024-04-03 12:44:23', '2024-04-03 12:44:23', NULL),
(12, 'O:36:\\\"Symfony\\\\Component\\\\Messenger\\\\Envelope\\\":2:{s:44:\\\"\\0Symfony\\\\Component\\\\Messenger\\\\Envelope\\0stamps\\\";a:1:{s:46:\\\"Symfony\\\\Component\\\\Messenger\\\\Stamp\\\\BusNameStamp\\\";a:1:{i:0;O:46:\\\"Symfony\\\\Component\\\\Messenger\\\\Stamp\\\\BusNameStamp\\\":1:{s:55:\\\"\\0Symfony\\\\Component\\\\Messenger\\\\Stamp\\\\BusNameStamp\\0busName\\\";s:21:\\\"messenger.bus.default\\\";}}}s:45:\\\"\\0Symfony\\\\Component\\\\Messenger\\\\Envelope\\0message\\\";O:51:\\\"Symfony\\\\Component\\\\Mailer\\\\Messenger\\\\SendEmailMessage\\\":2:{s:60:\\\"\\0Symfony\\\\Component\\\\Mailer\\\\Messenger\\\\SendEmailMessage\\0message\\\";O:39:\\\"Symfony\\\\Bridge\\\\Twig\\\\Mime\\\\TemplatedEmail\\\":5:{i:0;s:41:\\\"registration/confirmation_email.html.twig\\\";i:1;N;i:2;a:3:{s:9:\\\"signedUrl\\\";s:165:\\\"http://127.0.0.1:8000/verify/email?expires=1712151957&signature=Ge%2F1jO6bJw5gGjFfHDorhhoBDwHaVBIIGrLJLtBxzDA%3D&token=3N2ELoR6eubWnDUk5RotiFs8YbKOm8EnzTU04CCTrOI%3D\\\";s:19:\\\"expiresAtMessageKey\\\";s:26:\\\"%count% hour|%count% hours\\\";s:20:\\\"expiresAtMessageData\\\";a:1:{s:7:\\\"%count%\\\";i:1;}}i:3;a:6:{i:0;N;i:1;N;i:2;N;i:3;N;i:4;a:0:{}i:5;a:2:{i:0;O:37:\\\"Symfony\\\\Component\\\\Mime\\\\Header\\\\Headers\\\":2:{s:46:\\\"\\0Symfony\\\\Component\\\\Mime\\\\Header\\\\Headers\\0headers\\\";a:3:{s:4:\\\"from\\\";a:1:{i:0;O:47:\\\"Symfony\\\\Component\\\\Mime\\\\Header\\\\MailboxListHeader\\\":5:{s:50:\\\"\\0Symfony\\\\Component\\\\Mime\\\\Header\\\\AbstractHeader\\0name\\\";s:4:\\\"From\\\";s:56:\\\"\\0Symfony\\\\Component\\\\Mime\\\\Header\\\\AbstractHeader\\0lineLength\\\";i:76;s:50:\\\"\\0Symfony\\\\Component\\\\Mime\\\\Header\\\\AbstractHeader\\0lang\\\";N;s:53:\\\"\\0Symfony\\\\Component\\\\Mime\\\\Header\\\\AbstractHeader\\0charset\\\";s:5:\\\"utf-8\\\";s:58:\\\"\\0Symfony\\\\Component\\\\Mime\\\\Header\\\\MailboxListHeader\\0addresses\\\";a:1:{i:0;O:30:\\\"Symfony\\\\Component\\\\Mime\\\\Address\\\":2:{s:39:\\\"\\0Symfony\\\\Component\\\\Mime\\\\Address\\0address\\\";s:23:\\\"surikatstudio@gmail.com\\\";s:36:\\\"\\0Symfony\\\\Component\\\\Mime\\\\Address\\0name\\\";s:14:\\\"Surikat Studio\\\";}}}}s:2:\\\"to\\\";a:1:{i:0;O:47:\\\"Symfony\\\\Component\\\\Mime\\\\Header\\\\MailboxListHeader\\\":5:{s:50:\\\"\\0Symfony\\\\Component\\\\Mime\\\\Header\\\\AbstractHeader\\0name\\\";s:2:\\\"To\\\";s:56:\\\"\\0Symfony\\\\Component\\\\Mime\\\\Header\\\\AbstractHeader\\0lineLength\\\";i:76;s:50:\\\"\\0Symfony\\\\Component\\\\Mime\\\\Header\\\\AbstractHeader\\0lang\\\";N;s:53:\\\"\\0Symfony\\\\Component\\\\Mime\\\\Header\\\\AbstractHeader\\0charset\\\";s:5:\\\"utf-8\\\";s:58:\\\"\\0Symfony\\\\Component\\\\Mime\\\\Header\\\\MailboxListHeader\\0addresses\\\";a:1:{i:0;O:30:\\\"Symfony\\\\Component\\\\Mime\\\\Address\\\":2:{s:39:\\\"\\0Symfony\\\\Component\\\\Mime\\\\Address\\0address\\\";s:11:\\\"oto@oto.com\\\";s:36:\\\"\\0Symfony\\\\Component\\\\Mime\\\\Address\\0name\\\";s:0:\\\"\\\";}}}}s:7:\\\"subject\\\";a:1:{i:0;O:48:\\\"Symfony\\\\Component\\\\Mime\\\\Header\\\\UnstructuredHeader\\\":5:{s:50:\\\"\\0Symfony\\\\Component\\\\Mime\\\\Header\\\\AbstractHeader\\0name\\\";s:7:\\\"Subject\\\";s:56:\\\"\\0Symfony\\\\Component\\\\Mime\\\\Header\\\\AbstractHeader\\0lineLength\\\";i:76;s:50:\\\"\\0Symfony\\\\Component\\\\Mime\\\\Header\\\\AbstractHeader\\0lang\\\";N;s:53:\\\"\\0Symfony\\\\Component\\\\Mime\\\\Header\\\\AbstractHeader\\0charset\\\";s:5:\\\"utf-8\\\";s:55:\\\"\\0Symfony\\\\Component\\\\Mime\\\\Header\\\\UnstructuredHeader\\0value\\\";s:25:\\\"Please Confirm your Email\\\";}}}s:49:\\\"\\0Symfony\\\\Component\\\\Mime\\\\Header\\\\Headers\\0lineLength\\\";i:76;}i:1;N;}}i:4;N;}s:61:\\\"\\0Symfony\\\\Component\\\\Mailer\\\\Messenger\\\\SendEmailMessage\\0envelope\\\";N;}}', '[]', 'default', '2024-04-03 12:45:57', '2024-04-03 12:45:57', NULL);
INSERT INTO `messenger_messages` (`id`, `body`, `headers`, `queue_name`, `created_at`, `available_at`, `delivered_at`) VALUES
(13, 'O:36:\\\"Symfony\\\\Component\\\\Messenger\\\\Envelope\\\":2:{s:44:\\\"\\0Symfony\\\\Component\\\\Messenger\\\\Envelope\\0stamps\\\";a:1:{s:46:\\\"Symfony\\\\Component\\\\Messenger\\\\Stamp\\\\BusNameStamp\\\";a:1:{i:0;O:46:\\\"Symfony\\\\Component\\\\Messenger\\\\Stamp\\\\BusNameStamp\\\":1:{s:55:\\\"\\0Symfony\\\\Component\\\\Messenger\\\\Stamp\\\\BusNameStamp\\0busName\\\";s:21:\\\"messenger.bus.default\\\";}}}s:45:\\\"\\0Symfony\\\\Component\\\\Messenger\\\\Envelope\\0message\\\";O:51:\\\"Symfony\\\\Component\\\\Mailer\\\\Messenger\\\\SendEmailMessage\\\":2:{s:60:\\\"\\0Symfony\\\\Component\\\\Mailer\\\\Messenger\\\\SendEmailMessage\\0message\\\";O:39:\\\"Symfony\\\\Bridge\\\\Twig\\\\Mime\\\\TemplatedEmail\\\":5:{i:0;s:41:\\\"registration/confirmation_email.html.twig\\\";i:1;N;i:2;a:3:{s:9:\\\"signedUrl\\\";s:169:\\\"http://127.0.0.1:8000/verify/email?expires=1712152166&signature=PSoc51WIEzajXstlVZg450uezNzfxs5yGesJ9xuS9P4%3D&token=9jmPc6676nj2Hsvcitgqm%2BMyCgNAeZgsQO%2B7lJBs%2Bqk%3D\\\";s:19:\\\"expiresAtMessageKey\\\";s:26:\\\"%count% hour|%count% hours\\\";s:20:\\\"expiresAtMessageData\\\";a:1:{s:7:\\\"%count%\\\";i:1;}}i:3;a:6:{i:0;N;i:1;N;i:2;N;i:3;N;i:4;a:0:{}i:5;a:2:{i:0;O:37:\\\"Symfony\\\\Component\\\\Mime\\\\Header\\\\Headers\\\":2:{s:46:\\\"\\0Symfony\\\\Component\\\\Mime\\\\Header\\\\Headers\\0headers\\\";a:3:{s:4:\\\"from\\\";a:1:{i:0;O:47:\\\"Symfony\\\\Component\\\\Mime\\\\Header\\\\MailboxListHeader\\\":5:{s:50:\\\"\\0Symfony\\\\Component\\\\Mime\\\\Header\\\\AbstractHeader\\0name\\\";s:4:\\\"From\\\";s:56:\\\"\\0Symfony\\\\Component\\\\Mime\\\\Header\\\\AbstractHeader\\0lineLength\\\";i:76;s:50:\\\"\\0Symfony\\\\Component\\\\Mime\\\\Header\\\\AbstractHeader\\0lang\\\";N;s:53:\\\"\\0Symfony\\\\Component\\\\Mime\\\\Header\\\\AbstractHeader\\0charset\\\";s:5:\\\"utf-8\\\";s:58:\\\"\\0Symfony\\\\Component\\\\Mime\\\\Header\\\\MailboxListHeader\\0addresses\\\";a:1:{i:0;O:30:\\\"Symfony\\\\Component\\\\Mime\\\\Address\\\":2:{s:39:\\\"\\0Symfony\\\\Component\\\\Mime\\\\Address\\0address\\\";s:23:\\\"surikatstudio@gmail.com\\\";s:36:\\\"\\0Symfony\\\\Component\\\\Mime\\\\Address\\0name\\\";s:14:\\\"Surikat Studio\\\";}}}}s:2:\\\"to\\\";a:1:{i:0;O:47:\\\"Symfony\\\\Component\\\\Mime\\\\Header\\\\MailboxListHeader\\\":5:{s:50:\\\"\\0Symfony\\\\Component\\\\Mime\\\\Header\\\\AbstractHeader\\0name\\\";s:2:\\\"To\\\";s:56:\\\"\\0Symfony\\\\Component\\\\Mime\\\\Header\\\\AbstractHeader\\0lineLength\\\";i:76;s:50:\\\"\\0Symfony\\\\Component\\\\Mime\\\\Header\\\\AbstractHeader\\0lang\\\";N;s:53:\\\"\\0Symfony\\\\Component\\\\Mime\\\\Header\\\\AbstractHeader\\0charset\\\";s:5:\\\"utf-8\\\";s:58:\\\"\\0Symfony\\\\Component\\\\Mime\\\\Header\\\\MailboxListHeader\\0addresses\\\";a:1:{i:0;O:30:\\\"Symfony\\\\Component\\\\Mime\\\\Address\\\":2:{s:39:\\\"\\0Symfony\\\\Component\\\\Mime\\\\Address\\0address\\\";s:11:\\\"oto@oto.com\\\";s:36:\\\"\\0Symfony\\\\Component\\\\Mime\\\\Address\\0name\\\";s:0:\\\"\\\";}}}}s:7:\\\"subject\\\";a:1:{i:0;O:48:\\\"Symfony\\\\Component\\\\Mime\\\\Header\\\\UnstructuredHeader\\\":5:{s:50:\\\"\\0Symfony\\\\Component\\\\Mime\\\\Header\\\\AbstractHeader\\0name\\\";s:7:\\\"Subject\\\";s:56:\\\"\\0Symfony\\\\Component\\\\Mime\\\\Header\\\\AbstractHeader\\0lineLength\\\";i:76;s:50:\\\"\\0Symfony\\\\Component\\\\Mime\\\\Header\\\\AbstractHeader\\0lang\\\";N;s:53:\\\"\\0Symfony\\\\Component\\\\Mime\\\\Header\\\\AbstractHeader\\0charset\\\";s:5:\\\"utf-8\\\";s:55:\\\"\\0Symfony\\\\Component\\\\Mime\\\\Header\\\\UnstructuredHeader\\0value\\\";s:25:\\\"Please Confirm your Email\\\";}}}s:49:\\\"\\0Symfony\\\\Component\\\\Mime\\\\Header\\\\Headers\\0lineLength\\\";i:76;}i:1;N;}}i:4;N;}s:61:\\\"\\0Symfony\\\\Component\\\\Mailer\\\\Messenger\\\\SendEmailMessage\\0envelope\\\";N;}}', '[]', 'default', '2024-04-03 12:49:26', '2024-04-03 12:49:26', NULL),
(14, 'O:36:\\\"Symfony\\\\Component\\\\Messenger\\\\Envelope\\\":2:{s:44:\\\"\\0Symfony\\\\Component\\\\Messenger\\\\Envelope\\0stamps\\\";a:1:{s:46:\\\"Symfony\\\\Component\\\\Messenger\\\\Stamp\\\\BusNameStamp\\\";a:1:{i:0;O:46:\\\"Symfony\\\\Component\\\\Messenger\\\\Stamp\\\\BusNameStamp\\\":1:{s:55:\\\"\\0Symfony\\\\Component\\\\Messenger\\\\Stamp\\\\BusNameStamp\\0busName\\\";s:21:\\\"messenger.bus.default\\\";}}}s:45:\\\"\\0Symfony\\\\Component\\\\Messenger\\\\Envelope\\0message\\\";O:51:\\\"Symfony\\\\Component\\\\Mailer\\\\Messenger\\\\SendEmailMessage\\\":2:{s:60:\\\"\\0Symfony\\\\Component\\\\Mailer\\\\Messenger\\\\SendEmailMessage\\0message\\\";O:39:\\\"Symfony\\\\Bridge\\\\Twig\\\\Mime\\\\TemplatedEmail\\\":5:{i:0;s:41:\\\"registration/confirmation_email.html.twig\\\";i:1;N;i:2;a:3:{s:9:\\\"signedUrl\\\";s:165:\\\"http://127.0.0.1:8000/verify/email?expires=1712158479&signature=3XNCTyeb3MH3utDohWAbIwH6sqpBQgz93dUydjlrX7M%3D&token=oCoQa94IaPjIczvNa2cXt0E4XCo8ymFd6%2FyQuZ6eKtQ%3D\\\";s:19:\\\"expiresAtMessageKey\\\";s:26:\\\"%count% hour|%count% hours\\\";s:20:\\\"expiresAtMessageData\\\";a:1:{s:7:\\\"%count%\\\";i:1;}}i:3;a:6:{i:0;N;i:1;N;i:2;N;i:3;N;i:4;a:0:{}i:5;a:2:{i:0;O:37:\\\"Symfony\\\\Component\\\\Mime\\\\Header\\\\Headers\\\":2:{s:46:\\\"\\0Symfony\\\\Component\\\\Mime\\\\Header\\\\Headers\\0headers\\\";a:3:{s:4:\\\"from\\\";a:1:{i:0;O:47:\\\"Symfony\\\\Component\\\\Mime\\\\Header\\\\MailboxListHeader\\\":5:{s:50:\\\"\\0Symfony\\\\Component\\\\Mime\\\\Header\\\\AbstractHeader\\0name\\\";s:4:\\\"From\\\";s:56:\\\"\\0Symfony\\\\Component\\\\Mime\\\\Header\\\\AbstractHeader\\0lineLength\\\";i:76;s:50:\\\"\\0Symfony\\\\Component\\\\Mime\\\\Header\\\\AbstractHeader\\0lang\\\";N;s:53:\\\"\\0Symfony\\\\Component\\\\Mime\\\\Header\\\\AbstractHeader\\0charset\\\";s:5:\\\"utf-8\\\";s:58:\\\"\\0Symfony\\\\Component\\\\Mime\\\\Header\\\\MailboxListHeader\\0addresses\\\";a:1:{i:0;O:30:\\\"Symfony\\\\Component\\\\Mime\\\\Address\\\":2:{s:39:\\\"\\0Symfony\\\\Component\\\\Mime\\\\Address\\0address\\\";s:23:\\\"surikatstudio@gmail.com\\\";s:36:\\\"\\0Symfony\\\\Component\\\\Mime\\\\Address\\0name\\\";s:14:\\\"Surikat Studio\\\";}}}}s:2:\\\"to\\\";a:1:{i:0;O:47:\\\"Symfony\\\\Component\\\\Mime\\\\Header\\\\MailboxListHeader\\\":5:{s:50:\\\"\\0Symfony\\\\Component\\\\Mime\\\\Header\\\\AbstractHeader\\0name\\\";s:2:\\\"To\\\";s:56:\\\"\\0Symfony\\\\Component\\\\Mime\\\\Header\\\\AbstractHeader\\0lineLength\\\";i:76;s:50:\\\"\\0Symfony\\\\Component\\\\Mime\\\\Header\\\\AbstractHeader\\0lang\\\";N;s:53:\\\"\\0Symfony\\\\Component\\\\Mime\\\\Header\\\\AbstractHeader\\0charset\\\";s:5:\\\"utf-8\\\";s:58:\\\"\\0Symfony\\\\Component\\\\Mime\\\\Header\\\\MailboxListHeader\\0addresses\\\";a:1:{i:0;O:30:\\\"Symfony\\\\Component\\\\Mime\\\\Address\\\":2:{s:39:\\\"\\0Symfony\\\\Component\\\\Mime\\\\Address\\0address\\\";s:17:\\\"oto@oto.comqzdqzd\\\";s:36:\\\"\\0Symfony\\\\Component\\\\Mime\\\\Address\\0name\\\";s:0:\\\"\\\";}}}}s:7:\\\"subject\\\";a:1:{i:0;O:48:\\\"Symfony\\\\Component\\\\Mime\\\\Header\\\\UnstructuredHeader\\\":5:{s:50:\\\"\\0Symfony\\\\Component\\\\Mime\\\\Header\\\\AbstractHeader\\0name\\\";s:7:\\\"Subject\\\";s:56:\\\"\\0Symfony\\\\Component\\\\Mime\\\\Header\\\\AbstractHeader\\0lineLength\\\";i:76;s:50:\\\"\\0Symfony\\\\Component\\\\Mime\\\\Header\\\\AbstractHeader\\0lang\\\";N;s:53:\\\"\\0Symfony\\\\Component\\\\Mime\\\\Header\\\\AbstractHeader\\0charset\\\";s:5:\\\"utf-8\\\";s:55:\\\"\\0Symfony\\\\Component\\\\Mime\\\\Header\\\\UnstructuredHeader\\0value\\\";s:25:\\\"Please Confirm your Email\\\";}}}s:49:\\\"\\0Symfony\\\\Component\\\\Mime\\\\Header\\\\Headers\\0lineLength\\\";i:76;}i:1;N;}}i:4;N;}s:61:\\\"\\0Symfony\\\\Component\\\\Mailer\\\\Messenger\\\\SendEmailMessage\\0envelope\\\";N;}}', '[]', 'default', '2024-04-03 14:34:39', '2024-04-03 14:34:39', NULL),
(15, 'O:36:\\\"Symfony\\\\Component\\\\Messenger\\\\Envelope\\\":2:{s:44:\\\"\\0Symfony\\\\Component\\\\Messenger\\\\Envelope\\0stamps\\\";a:1:{s:46:\\\"Symfony\\\\Component\\\\Messenger\\\\Stamp\\\\BusNameStamp\\\";a:1:{i:0;O:46:\\\"Symfony\\\\Component\\\\Messenger\\\\Stamp\\\\BusNameStamp\\\":1:{s:55:\\\"\\0Symfony\\\\Component\\\\Messenger\\\\Stamp\\\\BusNameStamp\\0busName\\\";s:21:\\\"messenger.bus.default\\\";}}}s:45:\\\"\\0Symfony\\\\Component\\\\Messenger\\\\Envelope\\0message\\\";O:51:\\\"Symfony\\\\Component\\\\Mailer\\\\Messenger\\\\SendEmailMessage\\\":2:{s:60:\\\"\\0Symfony\\\\Component\\\\Mailer\\\\Messenger\\\\SendEmailMessage\\0message\\\";O:39:\\\"Symfony\\\\Bridge\\\\Twig\\\\Mime\\\\TemplatedEmail\\\":5:{i:0;s:41:\\\"registration/confirmation_email.html.twig\\\";i:1;N;i:2;a:3:{s:9:\\\"signedUrl\\\";s:171:\\\"http://127.0.0.1:8000/verify/email?expires=1712228558&signature=q9G3amb6Ut5ehN9au%2BSLmiLWiIwri5Fm7LO9sgz4O%2Bo%3D&token=02q5mwJ5yYLU6sIP7qa4%2BEOs%2FYsIhHk55uMgMfEqvi0%3D\\\";s:19:\\\"expiresAtMessageKey\\\";s:26:\\\"%count% hour|%count% hours\\\";s:20:\\\"expiresAtMessageData\\\";a:1:{s:7:\\\"%count%\\\";i:1;}}i:3;a:6:{i:0;N;i:1;N;i:2;N;i:3;N;i:4;a:0:{}i:5;a:2:{i:0;O:37:\\\"Symfony\\\\Component\\\\Mime\\\\Header\\\\Headers\\\":2:{s:46:\\\"\\0Symfony\\\\Component\\\\Mime\\\\Header\\\\Headers\\0headers\\\";a:3:{s:4:\\\"from\\\";a:1:{i:0;O:47:\\\"Symfony\\\\Component\\\\Mime\\\\Header\\\\MailboxListHeader\\\":5:{s:50:\\\"\\0Symfony\\\\Component\\\\Mime\\\\Header\\\\AbstractHeader\\0name\\\";s:4:\\\"From\\\";s:56:\\\"\\0Symfony\\\\Component\\\\Mime\\\\Header\\\\AbstractHeader\\0lineLength\\\";i:76;s:50:\\\"\\0Symfony\\\\Component\\\\Mime\\\\Header\\\\AbstractHeader\\0lang\\\";N;s:53:\\\"\\0Symfony\\\\Component\\\\Mime\\\\Header\\\\AbstractHeader\\0charset\\\";s:5:\\\"utf-8\\\";s:58:\\\"\\0Symfony\\\\Component\\\\Mime\\\\Header\\\\MailboxListHeader\\0addresses\\\";a:1:{i:0;O:30:\\\"Symfony\\\\Component\\\\Mime\\\\Address\\\":2:{s:39:\\\"\\0Symfony\\\\Component\\\\Mime\\\\Address\\0address\\\";s:23:\\\"surikatstudio@gmail.com\\\";s:36:\\\"\\0Symfony\\\\Component\\\\Mime\\\\Address\\0name\\\";s:14:\\\"Surikat Studio\\\";}}}}s:2:\\\"to\\\";a:1:{i:0;O:47:\\\"Symfony\\\\Component\\\\Mime\\\\Header\\\\MailboxListHeader\\\":5:{s:50:\\\"\\0Symfony\\\\Component\\\\Mime\\\\Header\\\\AbstractHeader\\0name\\\";s:2:\\\"To\\\";s:56:\\\"\\0Symfony\\\\Component\\\\Mime\\\\Header\\\\AbstractHeader\\0lineLength\\\";i:76;s:50:\\\"\\0Symfony\\\\Component\\\\Mime\\\\Header\\\\AbstractHeader\\0lang\\\";N;s:53:\\\"\\0Symfony\\\\Component\\\\Mime\\\\Header\\\\AbstractHeader\\0charset\\\";s:5:\\\"utf-8\\\";s:58:\\\"\\0Symfony\\\\Component\\\\Mime\\\\Header\\\\MailboxListHeader\\0addresses\\\";a:1:{i:0;O:30:\\\"Symfony\\\\Component\\\\Mime\\\\Address\\\":2:{s:39:\\\"\\0Symfony\\\\Component\\\\Mime\\\\Address\\0address\\\";s:17:\\\"moomin@moomin.com\\\";s:36:\\\"\\0Symfony\\\\Component\\\\Mime\\\\Address\\0name\\\";s:0:\\\"\\\";}}}}s:7:\\\"subject\\\";a:1:{i:0;O:48:\\\"Symfony\\\\Component\\\\Mime\\\\Header\\\\UnstructuredHeader\\\":5:{s:50:\\\"\\0Symfony\\\\Component\\\\Mime\\\\Header\\\\AbstractHeader\\0name\\\";s:7:\\\"Subject\\\";s:56:\\\"\\0Symfony\\\\Component\\\\Mime\\\\Header\\\\AbstractHeader\\0lineLength\\\";i:76;s:50:\\\"\\0Symfony\\\\Component\\\\Mime\\\\Header\\\\AbstractHeader\\0lang\\\";N;s:53:\\\"\\0Symfony\\\\Component\\\\Mime\\\\Header\\\\AbstractHeader\\0charset\\\";s:5:\\\"utf-8\\\";s:55:\\\"\\0Symfony\\\\Component\\\\Mime\\\\Header\\\\UnstructuredHeader\\0value\\\";s:25:\\\"Please Confirm your Email\\\";}}}s:49:\\\"\\0Symfony\\\\Component\\\\Mime\\\\Header\\\\Headers\\0lineLength\\\";i:76;}i:1;N;}}i:4;N;}s:61:\\\"\\0Symfony\\\\Component\\\\Mailer\\\\Messenger\\\\SendEmailMessage\\0envelope\\\";N;}}', '[]', 'default', '2024-04-04 10:02:38', '2024-04-04 10:02:38', NULL),
(16, 'O:36:\\\"Symfony\\\\Component\\\\Messenger\\\\Envelope\\\":2:{s:44:\\\"\\0Symfony\\\\Component\\\\Messenger\\\\Envelope\\0stamps\\\";a:1:{s:46:\\\"Symfony\\\\Component\\\\Messenger\\\\Stamp\\\\BusNameStamp\\\";a:1:{i:0;O:46:\\\"Symfony\\\\Component\\\\Messenger\\\\Stamp\\\\BusNameStamp\\\":1:{s:55:\\\"\\0Symfony\\\\Component\\\\Messenger\\\\Stamp\\\\BusNameStamp\\0busName\\\";s:21:\\\"messenger.bus.default\\\";}}}s:45:\\\"\\0Symfony\\\\Component\\\\Messenger\\\\Envelope\\0message\\\";O:51:\\\"Symfony\\\\Component\\\\Mailer\\\\Messenger\\\\SendEmailMessage\\\":2:{s:60:\\\"\\0Symfony\\\\Component\\\\Mailer\\\\Messenger\\\\SendEmailMessage\\0message\\\";O:39:\\\"Symfony\\\\Bridge\\\\Twig\\\\Mime\\\\TemplatedEmail\\\":5:{i:0;s:41:\\\"registration/confirmation_email.html.twig\\\";i:1;N;i:2;a:3:{s:9:\\\"signedUrl\\\";s:163:\\\"http://127.0.0.1:8000/verify/email?expires=1712234621&signature=Y8vx4mERwzF6DvP0nmUCbx1TyLmpifzuLW6oRQ1oE5I%3D&token=EMkQiG0Cqsx1ChPIkuZvorSmYbc7X5ls95zt7kk6pVU%3D\\\";s:19:\\\"expiresAtMessageKey\\\";s:26:\\\"%count% hour|%count% hours\\\";s:20:\\\"expiresAtMessageData\\\";a:1:{s:7:\\\"%count%\\\";i:1;}}i:3;a:6:{i:0;N;i:1;N;i:2;N;i:3;N;i:4;a:0:{}i:5;a:2:{i:0;O:37:\\\"Symfony\\\\Component\\\\Mime\\\\Header\\\\Headers\\\":2:{s:46:\\\"\\0Symfony\\\\Component\\\\Mime\\\\Header\\\\Headers\\0headers\\\";a:3:{s:4:\\\"from\\\";a:1:{i:0;O:47:\\\"Symfony\\\\Component\\\\Mime\\\\Header\\\\MailboxListHeader\\\":5:{s:50:\\\"\\0Symfony\\\\Component\\\\Mime\\\\Header\\\\AbstractHeader\\0name\\\";s:4:\\\"From\\\";s:56:\\\"\\0Symfony\\\\Component\\\\Mime\\\\Header\\\\AbstractHeader\\0lineLength\\\";i:76;s:50:\\\"\\0Symfony\\\\Component\\\\Mime\\\\Header\\\\AbstractHeader\\0lang\\\";N;s:53:\\\"\\0Symfony\\\\Component\\\\Mime\\\\Header\\\\AbstractHeader\\0charset\\\";s:5:\\\"utf-8\\\";s:58:\\\"\\0Symfony\\\\Component\\\\Mime\\\\Header\\\\MailboxListHeader\\0addresses\\\";a:1:{i:0;O:30:\\\"Symfony\\\\Component\\\\Mime\\\\Address\\\":2:{s:39:\\\"\\0Symfony\\\\Component\\\\Mime\\\\Address\\0address\\\";s:23:\\\"surikatstudio@gmail.com\\\";s:36:\\\"\\0Symfony\\\\Component\\\\Mime\\\\Address\\0name\\\";s:14:\\\"Surikat Studio\\\";}}}}s:2:\\\"to\\\";a:1:{i:0;O:47:\\\"Symfony\\\\Component\\\\Mime\\\\Header\\\\MailboxListHeader\\\":5:{s:50:\\\"\\0Symfony\\\\Component\\\\Mime\\\\Header\\\\AbstractHeader\\0name\\\";s:2:\\\"To\\\";s:56:\\\"\\0Symfony\\\\Component\\\\Mime\\\\Header\\\\AbstractHeader\\0lineLength\\\";i:76;s:50:\\\"\\0Symfony\\\\Component\\\\Mime\\\\Header\\\\AbstractHeader\\0lang\\\";N;s:53:\\\"\\0Symfony\\\\Component\\\\Mime\\\\Header\\\\AbstractHeader\\0charset\\\";s:5:\\\"utf-8\\\";s:58:\\\"\\0Symfony\\\\Component\\\\Mime\\\\Header\\\\MailboxListHeader\\0addresses\\\";a:1:{i:0;O:30:\\\"Symfony\\\\Component\\\\Mime\\\\Address\\\":2:{s:39:\\\"\\0Symfony\\\\Component\\\\Mime\\\\Address\\0address\\\";s:21:\\\"register@register.com\\\";s:36:\\\"\\0Symfony\\\\Component\\\\Mime\\\\Address\\0name\\\";s:0:\\\"\\\";}}}}s:7:\\\"subject\\\";a:1:{i:0;O:48:\\\"Symfony\\\\Component\\\\Mime\\\\Header\\\\UnstructuredHeader\\\":5:{s:50:\\\"\\0Symfony\\\\Component\\\\Mime\\\\Header\\\\AbstractHeader\\0name\\\";s:7:\\\"Subject\\\";s:56:\\\"\\0Symfony\\\\Component\\\\Mime\\\\Header\\\\AbstractHeader\\0lineLength\\\";i:76;s:50:\\\"\\0Symfony\\\\Component\\\\Mime\\\\Header\\\\AbstractHeader\\0lang\\\";N;s:53:\\\"\\0Symfony\\\\Component\\\\Mime\\\\Header\\\\AbstractHeader\\0charset\\\";s:5:\\\"utf-8\\\";s:55:\\\"\\0Symfony\\\\Component\\\\Mime\\\\Header\\\\UnstructuredHeader\\0value\\\";s:25:\\\"Please Confirm your Email\\\";}}}s:49:\\\"\\0Symfony\\\\Component\\\\Mime\\\\Header\\\\Headers\\0lineLength\\\";i:76;}i:1;N;}}i:4;N;}s:61:\\\"\\0Symfony\\\\Component\\\\Mailer\\\\Messenger\\\\SendEmailMessage\\0envelope\\\";N;}}', '[]', 'default', '2024-04-04 11:43:41', '2024-04-04 11:43:41', NULL);

-- --------------------------------------------------------

--
-- Structure de la table `post`
--

CREATE TABLE `post` (
  `id` int(11) NOT NULL,
  `author_id` int(11) DEFAULT NULL,
  `title` varchar(255) NOT NULL,
  `content` longtext DEFAULT NULL,
  `published` tinyint(1) NOT NULL,
  `created_at` datetime NOT NULL COMMENT '(DC2Type:datetime_immutable)',
  `modified_at` datetime NOT NULL,
  `slug` varchar(255) NOT NULL,
  `img_id` int(11) DEFAULT NULL
) ENGINE=InnoDB DEFAULT CHARSET=utf8mb4 COLLATE=utf8mb4_unicode_ci;

--
-- Déchargement des données de la table `post`
--

INSERT INTO `post` (`id`, `author_id`, `title`, `content`, `published`, `created_at`, `modified_at`, `slug`, `img_id`) VALUES
(13, 1, 'uihui', 'iuhiu', 1, '2024-04-03 10:52:11', '2024-04-03 12:25:57', 'uihui', 20),
(14, 1, 'i', 'i', 1, '2024-04-03 10:54:12', '2024-04-03 12:26:11', 'i', 21);

-- --------------------------------------------------------

--
-- Structure de la table `upload_file`
--

CREATE TABLE `upload_file` (
  `id` int(11) NOT NULL,
  `img` varchar(255) NOT NULL,
  `created_at` datetime NOT NULL COMMENT '(DC2Type:datetime_immutable)',
  `modified_at` datetime NOT NULL,
  `is_private` tinyint(1) NOT NULL
) ENGINE=InnoDB DEFAULT CHARSET=utf8mb4 COLLATE=utf8mb4_unicode_ci;

--
-- Déchargement des données de la table `upload_file`
--

INSERT INTO `upload_file` (`id`, `img`, `created_at`, `modified_at`, `is_private`) VALUES
(3, 'plage-660d18bba5d73.jpg', '2024-04-03 10:52:11', '2024-04-03 10:52:11', 0),
(4, 'dragon2-660d19349eba7.jpg', '2024-04-03 10:54:12', '2024-04-03 10:54:12', 0),
(5, 'dragon4-660d1d951e111.jpg', '2024-04-03 11:12:53', '2024-04-03 11:12:53', 0),
(6, 'dragon3-660d28242ff21.jpg', '2024-04-03 11:57:56', '2024-04-03 11:57:56', 0),
(8, 'admin-logo-660d2980f2bed.jpg', '2024-04-03 12:03:44', '2024-04-03 12:03:44', 0),
(9, 'krocco-660d2aa4dcbab.jpg', '2024-04-03 12:08:36', '2024-04-03 12:08:36', 0),
(10, 'logo-editor-660d2ac394349.png', '2024-04-03 12:09:07', '2024-04-03 12:09:07', 0),
(12, 'dragon4-660d2afeb7e20.jpg', '2024-04-03 12:10:06', '2024-04-03 12:10:06', 0),
(13, 'boubou-660d2b177fff3.jpg', '2024-04-03 12:10:31', '2024-04-03 12:10:31', 0),
(15, 'dragon3-660d2b3135b19.jpg', '2024-04-03 12:10:57', '2024-04-03 12:10:57', 0),
(17, 'krocco-660d2bddbe6e1.jpg', '2024-04-03 12:13:49', '2024-04-03 12:13:49', 0),
(18, 'mountain-660d2d1da5610.jpg', '2024-04-03 12:19:09', '2024-04-03 12:19:09', 1),
(19, 'mountain-660d2e613965d.jpg', '2024-04-03 12:24:33', '2024-04-03 12:24:33', 0),
(20, 'mountain-660d2eb55edaa.jpg', '2024-04-03 12:25:57', '2024-04-03 12:25:57', 0),
(21, 'plage-660d2ec3948de.jpg', '2024-04-03 12:26:11', '2024-04-03 12:26:11', 0),
(28, 'dragon2-660d50558ab10.jpg', '2024-04-03 14:49:25', '2024-04-03 14:49:25', 1),
(29, 'dragon2-660d68ff26222.jpg', '2024-04-03 16:34:39', '2024-04-03 16:34:39', 1),
(30, 'adamas-660d6d7c74885.png', '2024-04-03 16:53:48', '2024-04-03 16:53:48', 1),
(31, 'moomin-660e7abd80c4a.png', '2024-04-04 12:02:37', '2024-04-04 12:02:37', 1),
(32, 'logo-cci-660e926cbc433.png', '2024-04-04 13:43:41', '2024-04-04 13:43:41', 1);

-- --------------------------------------------------------

--
-- Structure de la table `user`
--

CREATE TABLE `user` (
  `id` int(11) NOT NULL,
  `username` varchar(255) NOT NULL,
  `email` varchar(180) NOT NULL,
  `roles` longtext CHARACTER SET utf8mb4 COLLATE utf8mb4_bin NOT NULL COMMENT '(DC2Type:json)' CHECK (json_valid(`roles`)),
  `password` varchar(255) NOT NULL,
  `is_verified` tinyint(1) NOT NULL,
  `avatar_id` int(11) DEFAULT NULL
) ENGINE=InnoDB DEFAULT CHARSET=utf8mb4 COLLATE=utf8mb4_unicode_ci;

--
-- Déchargement des données de la table `user`
--

INSERT INTO `user` (`id`, `username`, `email`, `roles`, `password`, `is_verified`, `avatar_id`) VALUES
(1, 'admin', 'admin@admin.com', '[\"ROLE_USER\",\"ROLE_SUPER_ADMIN\",\"ROLE_ADMIN\",\"ROLE_EDITOR\"]', '$2y$13$sENTPgM9uW46.bC2wxzNAeiXbz3d5Cy2pz7c0kWNq6u6Ki/dhM8UK', 1, 18),
(2, 'user', 'user@user.com', '[]', '$2y$13$jmrXUE4lBITqPJ6oiwACKO9M.9wanXQ1HAL/f9NZAsdwL9cOK4M6S', 1, 9),
(3, 'editor', 'editor@editor.com', '[\"ROLE_USER\",\"ROLE_EDITOR\"]', '$2y$13$j6E5PCLPbrvsGDT9oF6Z7eyWHKAj5/ICHGBHTssuoaByAyKRsrnwy', 1, 10),
(4, 'adamass', 'adam@adam.adam', '[\"ROLE_USER\",\"ROLE_EDITOR\",\"ROLE_SUPER_ADMIN\",\"ROLE_ADMIN\"]', '$2y$13$TIKeih1398J8sqIhfHxANevAVCssvG1CibO/gPSF3/ataTOCVTGNi', 1, 30),
(6, 'a', 'a@a.fr', '[]', '$2y$13$/ItCbCQReg5Jb9VJI0ns3uWHTpFp77TlSOKLzuLXdDBl6bQvd5dJu', 1, 12),
(8, 'boubou', 'boubou@boubou.com', '[]', '$2y$13$almExTA4pgbuTynUGQfl0us7BpOMPPnrSVA5IrRAEkJLc0vokllNa', 1, 13),
(9, 'drg', 'drg@drg.comù', '[]', '$2y$13$bToM1dhR9KVlxKsZC.ev3ORTmadBgZ5oPShM1Afo7j5pwUQFsG5Fa', 1, 15),
(10, 'krocco', 'krocco@com', '[\"ROLE_USER\",\"ROLE_SUPER_ADMIN\",\"ROLE_ADMIN\",\"ROLE_EDITOR\"]', '$2y$13$vEm7w7Qf2w2bQ5ROVZFxyu7TasOyiFK1BwNVAgGovdUCIeAoxs68.', 1, 17),
(17, 'oto', 'oto@oto.com', '[]', '$2y$13$w9IDh1M8syM38krg0q5JQ.Jb2vpSG9dJnDe4hNZRJSdLA7byIBUCC', 0, 28),
(18, 'oto', 'oto@oto.comqzdqzd', '[]', '$2y$13$cSrO9JhewZLyFofvpJ4e7OHQvxNCGzEKisqYIW.tMSElqADNxq5jO', 0, 29),
(19, 'moomin', 'moomin@moomin.com', '[]', '$2y$13$NJ3NE6oqB/NgYt9RiHyiO.glsaN6eidXJn8Vk6hP1WVIuEwov2QK2', 0, 31),
(20, 'register', 'register@register.com', '[]', '$2y$13$4AJ/8iu.sUmaGTxsKzHFHOSY.i1lIYSVC09KKPLxlscM6t8F0sNeu', 0, 32);

--
-- Index pour les tables déchargées
--

--
-- Index pour la table `doctrine_migration_versions`
--
ALTER TABLE `doctrine_migration_versions`
  ADD PRIMARY KEY (`version`);

--
-- Index pour la table `messenger_messages`
--
ALTER TABLE `messenger_messages`
  ADD PRIMARY KEY (`id`),
  ADD KEY `IDX_75EA56E0FB7336F0` (`queue_name`),
  ADD KEY `IDX_75EA56E0E3BD61CE` (`available_at`),
  ADD KEY `IDX_75EA56E016BA31DB` (`delivered_at`);

--
-- Index pour la table `post`
--
ALTER TABLE `post`
  ADD PRIMARY KEY (`id`),
  ADD UNIQUE KEY `UNIQ_5A8A6C8D989D9B62` (`slug`),
  ADD UNIQUE KEY `UNIQ_5A8A6C8D2B36786B` (`title`),
  ADD UNIQUE KEY `UNIQ_5A8A6C8DC06A9F55` (`img_id`),
  ADD KEY `IDX_5A8A6C8DF675F31B` (`author_id`);

--
-- Index pour la table `upload_file`
--
ALTER TABLE `upload_file`
  ADD PRIMARY KEY (`id`);

--
-- Index pour la table `user`
--
ALTER TABLE `user`
  ADD PRIMARY KEY (`id`),
  ADD UNIQUE KEY `UNIQ_IDENTIFIER_EMAIL` (`email`),
  ADD UNIQUE KEY `UNIQ_8D93D64986383B10` (`avatar_id`);

--
-- AUTO_INCREMENT pour les tables déchargées
--

--
-- AUTO_INCREMENT pour la table `messenger_messages`
--
ALTER TABLE `messenger_messages`
  MODIFY `id` bigint(20) NOT NULL AUTO_INCREMENT, AUTO_INCREMENT=17;

--
-- AUTO_INCREMENT pour la table `post`
--
ALTER TABLE `post`
  MODIFY `id` int(11) NOT NULL AUTO_INCREMENT, AUTO_INCREMENT=15;

--
-- AUTO_INCREMENT pour la table `upload_file`
--
ALTER TABLE `upload_file`
  MODIFY `id` int(11) NOT NULL AUTO_INCREMENT, AUTO_INCREMENT=33;

--
-- AUTO_INCREMENT pour la table `user`
--
ALTER TABLE `user`
  MODIFY `id` int(11) NOT NULL AUTO_INCREMENT, AUTO_INCREMENT=21;

--
-- Contraintes pour les tables déchargées
--

--
-- Contraintes pour la table `post`
--
ALTER TABLE `post`
  ADD CONSTRAINT `FK_5A8A6C8DC06A9F55` FOREIGN KEY (`img_id`) REFERENCES `upload_file` (`id`),
  ADD CONSTRAINT `FK_5A8A6C8DF675F31B` FOREIGN KEY (`author_id`) REFERENCES `user` (`id`);

--
-- Contraintes pour la table `user`
--
ALTER TABLE `user`
  ADD CONSTRAINT `FK_8D93D64986383B10` FOREIGN KEY (`avatar_id`) REFERENCES `upload_file` (`id`);
COMMIT;

/*!40101 SET CHARACTER_SET_CLIENT=@OLD_CHARACTER_SET_CLIENT */;
/*!40101 SET CHARACTER_SET_RESULTS=@OLD_CHARACTER_SET_RESULTS */;
/*!40101 SET COLLATION_CONNECTION=@OLD_COLLATION_CONNECTION */;
